OTU	total	CL3	CC1	SV1	M31Fcsw	M11Fcsw	M31Plmr	M11Plmr	F21Plmr	M31Tong	M11Tong	LMEpi24M	SLEpi20M	AQC1cm	AQC4cm	AQC7cm	NP2	NP3	NP5	TRRsed1	TRRsed2	TRRsed3	TS28	TS29	Even1	Even2	Even3
4_29	14844	2	3	0	0	1	1	2	0	5	6	27	47	919	5586	8175	42	3	1	2	2	9	1	2	6	0	2
4041AA30	311	0	0	0	0	0	0	0	0	1	0	0	0	0	4	0	155	2	147	0	0	0	0	0	2	0	0
A17	9916	1061	4242	417	4	1	4	54	4	5	1	6	66	1505	1046	1003	8	3	5	45	170	227	4	3	17	15	0
Abiotrophia	2822	0	0	0	0	2	2612	120	44	9	0	0	0	0	0	0	0	0	0	1	1	1	0	31	1	0	0
Acaryochloris	12	0	0	0	0	0	0	0	0	0	0	0	0	9	0	3	0	0	0	0	0	0	0	0	0	0	0
Acetivibrio	16	0	0	0	0	1	0	0	0	0	0	0	0	1	5	3	0	0	0	0	4	1	1	0	0	0	0
Acetobacter	38	37	0	0	0	0	0	0	0	0	0	0	0	0	0	0	0	0	0	0	0	0	0	0	1	0	0
Acetobacterium	23	0	0	0	0	0	0	0	0	0	0	0	0	8	4	11	0	0	0	0	0	0	0	0	0	0	0
Acholeplasma	120	0	0	0	0	0	0	1	0	0	0	0	0	1	0	0	4	103	11	0	0	0	0	0	0	0	0
Achromatium	185	0	0	0	0	0	0	0	1	0	0	0	3	12	4	2	0	1	4	7	98	53	0	0	0	0	0
Achromobacter	192	9	2	1	0	0	5	53	2	0	0	83	9	4	0	3	0	18	2	0	1	0	0	0	0	0	0
Acidaminococcus	10390	1	1	1	1733	8593	0	43	1	4	0	5	0	2	0	0	0	1	0	0	0	1	0	2	1	1	0
Acidiphilium	82	35	13	9	0	0	0	2	0	0	0	0	0	3	11	8	0	0	0	0	0	0	0	0	1	0	0
Acidisoma	60	57	0	0	0	0	0	0	0	0	0	0	0	0	0	3	0	0	0	0	0	0	0	0	0	0	0
Acidobacterium	182	180	0	0	0	0	0	0	0	0	0	0	0	0	0	0	0	0	0	0	0	0	0	0	2	0	0
Acidocella	89	53	10	0	1	0	0	16	1	0	0	0	0	0	3	5	0	0	0	0	0	0	0	0	0	0	0
Acidomonas	11	1	4	0	0	0	0	5	1	0	0	0	0	0	0	0	0	0	0	0	0	0	0	0	0	0	0
Acidovorax	64064	564	1596	191	30	17	612	3849	167	51	296	29059	2867	5737	8606	9844	87	319	43	16	13	6	2	24	40	12	16
Acinetobacter	43778	3496	1039	1180	3	6	2624	28420	4430	105	30	96	192	39	37	16	8	1311	478	14	51	13	8	2	79	54	47
Acrocarpospora	28	19	5	2	0	0	0	1	0	0	0	0	0	0	0	0	0	0	0	0	0	0	0	0	0	1	0
Actinoallomurus	99	46	36	1	0	0	1	0	1	0	0	0	0	0	0	0	0	0	0	0	8	6	0	0	0	0	0
Actinoalloteichus	1105	364	45	680	0	0	0	4	0	0	0	1	0	1	0	0	0	0	0	1	0	0	0	0	3	1	5
Actinobacillus	169183	14	30	9	62	15	20210	578	2997	141481	2660	486	36	83	45	46	9	30	228	10	19	10	23	8	31	41	22
Actinobaculum	39	0	0	0	0	0	37	0	1	1	0	0	0	0	0	0	0	0	0	0	0	0	0	0	0	0	0
Actinocatenispora	5	4	0	0	0	0	0	0	0	0	0	0	0	0	0	0	0	0	0	0	1	0	0	0	0	0	0
Actinocorallia	35	4	8	16	0	0	0	0	0	0	0	0	0	0	0	0	0	0	0	0	2	5	0	0	0	0	0
Actinokineospora	285	5	199	57	0	0	4	7	1	0	0	5	0	1	0	1	0	0	1	0	1	0	0	0	2	0	1
Actinomadura	391	50	28	234	0	0	3	13	7	9	1	1	0	5	4	7	0	0	0	1	19	9	0	0	0	0	0
Actinomyces	27406	32	7	4	22	13	11657	517	6478	8127	378	41	5	12	14	7	9	7	12	7	1	1	17	29	3	3	3
Actinomycetospora	499	22	150	226	0	0	12	35	33	0	0	0	0	0	1	2	0	0	0	1	9	4	0	0	1	3	0
Actinoplanes	4032	171	1638	2066	1	2	32	38	41	1	0	3	1	1	2	1	0	1	0	2	6	2	0	0	1	11	11
Actinopolymorpha	27	11	0	12	0	0	0	0	1	0	0	0	0	0	0	0	0	0	0	0	3	0	0	0	0	0	0
Actinotalea	369	2	63	94	0	0	39	43	31	0	0	2	1	4	33	51	0	1	1	0	3	1	0	0	0	0	0
Adhaeribacter	495	8	28	388	0	0	40	19	6	0	0	0	0	1	0	0	0	0	0	0	1	1	0	0	1	0	2
Adlercreutzia	325	1	0	1	70	31	0	0	0	0	0	0	0	2	0	0	0	0	0	0	0	0	32	188	0	0	0
Aequorivita	12	0	0	0	0	0	0	0	0	0	0	2	0	0	0	0	1	1	2	0	6	0	0	0	0	0	0
Aerococcus	26	0	0	0	0	0	21	4	0	0	0	1	0	0	0	0	0	0	0	0	0	0	0	0	0	0	0
Aeromicrobium	616	16	309	187	0	0	28	42	25	1	0	0	2	0	2	0	0	0	0	0	2	1	0	1	0	0	0
Aeromonas	858	1	3	0	1	1	1	164	11	1	1	222	33	22	6	1	0	64	2	2	1	3	2	1	137	89	89
Aestuariimicrobium	1	0	1	0	0	0	0	0	0	0	0	0	0	0	0	0	0	0	0	0	0	0	0	0	0	0	0
Afifella	155	9	26	45	0	0	0	0	1	0	0	0	0	12	14	10	0	0	0	4	20	14	0	0	0	0	0
Afipia	135	44	34	1	0	0	0	15	0	0	0	0	0	17	16	8	0	0	0	0	0	0	0	0	0	0	0
Aggregatibacter	4409	0	2	0	0	0	3398	54	659	279	4	1	7	0	0	0	0	0	1	0	1	0	0	0	1	1	1
Agrobacterium	2032	45	127	209	0	0	63	544	66	3	0	23	2	29	38	20	18	228	4	16	515	78	0	0	3	1	0
Agrococcus	73	1	6	40	0	0	1	3	2	0	0	8	0	3	1	2	0	1	0	1	1	0	1	1	0	0	1
Agromyces	6831	18	196	187	1	4	48	244	65	7	91	5672	70	28	76	46	9	46	14	1	0	2	0	1	1	1	3
Akkermansia	19716	15	12	11	10464	5910	1	28	0	7	2	3	0	34	0	2	0	2	0	0	0	7	581	2630	4	0	3
Alcaligenes	3	0	0	1	0	0	0	1	0	0	0	1	0	0	0	0	0	0	0	0	0	0	0	0	0	0	0
Alcanivorax	275	0	0	0	0	0	0	0	0	2	1	0	0	2	6	6	225	11	2	5	8	6	0	0	1	0	0
Algibacter	54	0	0	0	1	0	0	0	0	0	0	0	0	0	0	0	2	33	9	1	8	0	0	0	0	0	0
Algoriphagus	3589	2	16	59	0	0	0	0	34	2	18	917	2412	17	7	11	0	11	2	12	60	5	1	0	2	0	1
Alicycliphilus	21	0	0	0	0	0	0	4	0	0	0	9	4	1	2	1	0	0	0	0	0	0	0	0	0	0	0
Alicyclobacillus	218	5	81	9	0	0	14	43	13	0	0	0	0	9	10	27	0	0	0	0	5	2	0	0	0	0	0
Aliivibrio	232	0	0	0	0	0	0	0	0	0	0	0	0	1	2	0	10	212	6	0	1	0	0	0	0	0	0
Alishewanella	157	10	0	0	0	0	9	1	0	4	0	1	0	6	1	2	9	98	5	0	3	0	0	0	5	3	0
Alistipes	210468	93	68	71	41963	114547	103	32	8	84	22	103	26	104	33	24	3	26	38	41	10	235	11246	3340	14501	12335	11412
Alkalibacterium	78	0	0	0	0	0	5	10	7	0	0	0	0	0	0	0	0	1	55	0	0	0	0	0	0	0	0
Alkalimonas	23	0	0	0	1	0	1	1	0	0	0	2	0	0	0	0	0	0	0	1	5	1	0	0	5	3	3
Alkaliphilus	20	0	0	0	0	0	0	0	0	0	0	0	0	0	0	0	0	9	0	0	7	4	0	0	0	0	0
Alkanindiges	934	9	451	0	0	0	68	146	8	0	2	6	66	6	14	9	0	3	1	13	93	32	0	0	3	3	1
Allobaculum	6	3	0	0	0	0	3	0	0	0	0	0	0	0	0	0	0	0	0	0	0	0	0	0	0	0	0
Allochromatium	4	0	0	0	0	0	0	0	0	0	0	0	0	0	1	1	0	1	0	0	0	1	0	0	0	0	0
Alloiococcus	53	0	0	0	0	0	0	49	2	0	0	0	1	0	0	0	0	0	0	0	0	0	0	0	0	0	1
Alloscardovia	110	2	3	11	0	0	6	3	10	0	6	64	0	0	1	1	0	0	1	0	0	0	0	0	2	0	0
Alteromonas	4096	0	1	1	1	0	0	0	10	3	0	2	0	23	84	31	2505	1365	28	1	11	17	2	1	7	1	2
Alysiella	2	0	0	0	0	0	2	0	0	0	0	0	0	0	0	0	0	0	0	0	0	0	0	0	0	0	0
Amaricoccus	4587	8	139	54	1	1	12	3834	43	9	6	14	4	17	43	28	41	95	103	29	71	26	0	1	5	0	3
Ammoniphilus	19	0	0	0	0	0	0	6	1	0	0	0	0	0	0	0	0	0	0	0	7	4	0	0	1	0	0
Amphritea	552	0	0	0	0	0	0	0	0	1	1	1	0	7	14	14	1	36	34	38	383	22	0	0	0	0	0
Amycolatopsis	1023	198	63	684	0	1	0	19	1	0	3	34	1	3	1	7	2	1	0	0	3	0	0	0	0	0	2
Anabaena	1691	0	4	3	0	5	0	1	1	8	35	1614	1	0	1	10	4	0	1	0	1	0	1	1	0	0	0
Anabaenopsis	8	0	0	0	0	0	0	0	0	0	0	8	0	0	0	0	0	0	0	0	0	0	0	0	0	0	0
Anaerobacillus	3	0	0	3	0	0	0	0	0	0	0	0	0	0	0	0	0	0	0	0	0	0	0	0	0	0	0
Anaerobiospirillum	57	43	8	5	0	0	0	0	0	0	0	0	1	0	0	0	0	0	0	0	0	0	0	0	0	0	0
Anaerococcus	131499	71	102	46	6364	62	8432	9898	1021	39	21	21	13	159	17	6	2	15	28	102	8	320	125	18	37208	36009	31392
Anaerofustis	27231	29	23	19	5	1	2	0	0	4	7	0	5	31	4	1	1	8	4	26	0	65	23	39	10282	8000	8652
Anaeroglobus	49	0	0	0	0	0	46	1	1	1	0	0	0	0	0	0	0	0	0	0	0	0	0	0	0	0	0
Anaerolinea	3448	0	0	0	0	0	0	2	0	1	2	5	9	497	1754	1154	9	1	0	1	5	2	1	0	5	0	0
Anaeromyxobacter	9001	38	259	79	0	0	2	1	0	5	1	16	29	2200	3106	3214	15	2	4	1	1	5	1	7	15	0	0
Anaeroplasma	1	1	0	0	0	0	0	0	0	0	0	0	0	0	0	0	0	0	0	0	0	0	0	0	0	0	0
Anaerostipes	156	7	0	1	12	29	0	0	1	1	0	0	0	5	35	27	0	0	0	0	1	4	31	0	1	0	1
Anaerotruncus	13504	9	10	5	50	124	1	0	0	7	1	2	0	12	1	0	0	4	2	6	0	49	310	27	5234	3634	4016
Anaerovorax	3742	1	0	0	3601	22	7	86	8	1	0	1	0	2	0	0	0	0	0	0	0	1	9	1	0	1	1
Ancylobacter	2	0	2	0	0	0	0	0	0	0	0	0	0	0	0	0	0	0	0	0	0	0	0	0	0	0	0
Aneurinibacillus	6	0	0	0	0	0	6	0	0	0	0	0	0	0	0	0	0	0	0	0	0	0	0	0	0	0	0
Anoxybacillus	4	1	0	0	0	0	2	0	1	0	0	0	0	0	0	0	0	0	0	0	0	0	0	0	0	0	0
Antarctobacter	14	0	0	0	0	0	0	0	0	0	0	0	0	0	0	0	12	0	2	0	0	0	0	0	0	0	0
Aphanizomenon	121	0	0	0	0	0	0	0	1	0	1	37	15	6	32	29	0	0	0	0	0	0	0	0	0	0	0
Aphanothece	19	0	0	0	0	0	0	0	0	0	0	3	1	7	4	4	0	0	0	0	0	0	0	0	0	0	0
Aquabacterium	6256	25	487	297	0	0	19	1084	118	10	6	378	498	170	437	380	243	1993	104	3	1	0	0	1	1	0	1
Aquamonas	4376	70	650	27	0	0	15	303	0	6	5	320	1661	298	641	364	3	1	2	0	0	1	1	3	1	1	3
Aquicella	2834	126	2461	13	0	0	0	1	0	2	0	0	9	48	28	37	0	15	2	14	69	5	0	0	2	2	0
Aquiflexum	81	0	0	1	0	3	0	1	0	0	0	2	1	19	47	6	0	0	1	0	0	0	0	0	0	0	0
Aquimarina	226	2	12	82	0	0	2	5	0	1	1	1	0	2	2	0	0	81	25	0	2	7	0	0	0	0	1
Aquimonas	454	1	2	0	0	0	0	12	0	0	5	354	1	6	18	10	0	3	15	1	17	9	0	0	0	0	0
Aquitalea	10	0	4	0	0	0	0	0	0	0	0	0	2	1	0	2	0	0	0	0	0	0	0	0	0	1	0
Arcanobacterium	238	0	1	3	0	1	32	12	6	167	6	3	0	3	0	0	0	0	1	0	0	1	0	0	1	1	0
Arcobacter	395	10	0	0	0	0	4	2	4	0	0	2	2	3	1	0	28	305	27	1	5	1	0	0	0	0	0
Arctic95A_2	10	0	0	0	0	0	0	0	0	0	0	0	0	0	0	0	0	0	10	0	0	0	0	0	0	0	0
Arhodomonas	30	0	0	0	0	0	0	0	0	0	0	0	0	0	0	0	0	0	0	0	4	26	0	0	0	0	0
Armatimonas	165	5	27	77	0	0	0	7	3	0	1	5	22	8	5	4	0	0	0	0	0	0	0	1	0	0	0
Arsenicicoccus	92	0	0	0	0	0	5	87	0	0	0	0	0	0	0	0	0	0	0	0	0	0	0	0	0	0	0
Arsenophonus	37	0	0	0	0	0	0	4	1	0	0	0	0	0	0	0	0	0	0	0	0	0	0	0	12	13	7
Arthrobacter	4588	209	1942	443	1	0	536	712	439	3	3	0	24	19	44	61	0	2	2	2	81	51	1	2	3	6	2
Asaia	2	1	1	0	0	0	0	0	0	0	0	0	0	0	0	0	0	0	0	0	0	0	0	0	0	0	0
Asticcacaulis	230	29	173	2	0	0	0	6	0	0	0	0	15	2	2	0	0	0	0	0	0	0	0	0	0	1	0
Atopobium	2477	1	0	0	0	2	358	92	338	1604	39	18	0	0	2	1	0	3	3	1	1	1	1	6	2	3	1
Aurantimonas	1227	68	166	73	0	0	28	407	19	1	2	4	4	30	27	18	13	253	3	6	83	18	0	1	2	1	0
Aureispira	868	0	0	0	0	0	0	0	0	2	0	0	1	7	2	0	1	783	62	3	7	0	0	0	0	0	0
Averyella	4	0	0	0	0	0	0	0	0	0	0	0	0	0	0	0	0	0	0	0	0	0	0	0	1	1	2
Avibacterium	4	0	0	0	0	0	1	2	0	1	0	0	0	0	0	0	0	0	0	0	0	0	0	0	0	0	0
Azoarcus	3	0	0	0	0	0	0	0	0	0	0	3	0	0	0	0	0	0	0	0	0	0	0	0	0	0	0
Azohydromonas	8536	103	807	83	1	0	2	17	2	5	40	3584	40	763	1613	1437	15	4	3	1	0	3	0	4	4	5	0
Azomonas	7	0	0	0	0	0	1	0	0	1	0	0	0	3	0	0	0	0	0	0	2	0	0	0	0	0	0
Azonexus	8	0	0	0	0	0	0	0	0	0	0	2	0	1	1	4	0	0	0	0	0	0	0	0	0	0	0
Azorhizobium	44	0	1	0	0	0	0	0	0	0	0	0	0	1	1	0	20	9	12	0	0	0	0	0	0	0	0
Azorhizophilus	12	2	1	0	0	0	4	2	3	0	0	0	0	0	0	0	0	0	0	0	0	0	0	0	0	0	0
Azospira	209	0	1	3	0	0	0	193	3	1	0	0	0	2	1	4	0	0	1	0	0	0	0	0	0	0	0
Azospirillum	216	2	44	131	0	0	0	18	0	0	0	0	6	2	6	2	0	2	1	0	0	1	0	0	0	0	1
Azotobacter	503	0	0	0	0	0	0	2	0	0	1	0	1	0	0	0	1	3	2	25	23	442	2	0	1	0	0
Azovibrio	99	0	4	0	0	0	0	0	0	0	0	18	3	11	32	31	0	0	0	0	0	0	0	0	0	0	0
Bacillus	5226	1391	775	426	2	1	842	522	399	51	5	15	8	20	57	61	0	4	17	2	297	251	7	2	34	18	19
Bacillus_1	12	0	1	0	0	0	0	0	0	0	0	0	0	1	2	2	0	0	0	0	5	1	0	0	0	0	0
Bacteriovorax	647	1	1	1	1	0	0	0	0	0	3	0	0	12	7	2	18	541	19	11	28	1	0	0	0	1	0
Bacteroides	2601720	2904	1055	1319	698930	1085101	546	370	108	799	257	880	143	1403	264	222	81	279	297	641	84	2977	118567	54865	235952	189022	204654
Bacteroides_1	593	1	0	0	165	32	0	0	0	0	0	0	0	0	0	0	0	0	0	1	0	0	1	1	133	136	123
Bacteroides_2	9516	12	5	1	1	2	7	0	0	2	2	2	1	10	1	1	0	5	1	5	1	26	7	1	3742	2573	3108
Balneimonas	3551	14	55	3090	0	1	19	284	62	1	0	2	0	0	0	0	0	0	0	2	6	4	0	0	0	1	10
Balneola	4164	2	1	0	1	1	0	0	0	16	2	3	2	6	24	8	1326	165	2572	4	27	0	1	0	1	1	1
Bartonella	394	0	5	2	0	0	2	3	3	0	1	2	131	73	83	83	0	0	0	1	3	0	0	0	2	0	0
BD2_13	191	0	0	0	0	0	0	0	0	1	0	0	0	0	2	1	1	32	15	14	89	34	0	0	2	0	0
BD2_6	289	0	1	0	0	0	0	0	0	0	1	0	0	1	1	3	0	50	1	1	4	222	0	0	4	0	0
Bdellovibrio	3302	474	1197	545	0	1	2	132	1	3	3	141	58	152	304	266	1	0	0	1	7	1	1	1	3	4	4
Beggiatoa	2	0	0	0	0	0	0	0	0	0	0	0	0	0	0	0	0	0	0	0	1	1	0	0	0	0	0
Beijerinckia	830	3	19	29	0	0	0	1	0	0	2	1	6	200	281	284	1	0	1	0	0	0	0	0	2	0	0
Bellilinea	1	1	0	0	0	0	0	0	0	0	0	0	0	0	0	0	0	0	0	0	0	0	0	0	0	0	0
Bergeriella	113	0	0	0	0	0	4	0	2	105	2	0	0	0	0	0	0	0	0	0	0	0	0	0	0	0	0
Bergeyella	85	0	0	0	0	0	16	40	29	0	0	0	0	0	0	0	0	0	0	0	0	0	0	0	0	0	0
BHB21	1	0	0	0	0	0	0	0	0	0	0	0	0	0	1	0	0	0	0	0	0	0	0	0	0	0	0
Bibersteinia	15	0	0	0	0	0	3	0	0	8	0	2	0	0	0	0	0	2	0	0	0	0	0	0	0	0	0
Bifidobacterium	430423	125	140	87	818	391	22	77	19	111	41	45	18	1253	26	23	7	45	34	186	20	1045	26763	128069	104181	78223	88654
Bilophila	1756	1	0	0	1396	14	5	0	8	1	2	2	2	3	0	0	0	0	0	0	0	1	5	314	1	0	1
Bizionia	43	0	0	0	0	0	0	0	0	0	0	1	0	0	0	0	6	28	6	0	1	1	0	0	0	0	0
Blastochloris	17	2	1	0	0	0	0	0	0	0	0	0	0	2	5	6	0	0	0	0	0	0	0	1	0	0	0
Blastomonas	139	9	17	18	0	1	1	49	25	2	0	0	15	0	0	0	0	0	1	0	1	0	0	0	0	0	0
Blastopirellula	6	0	0	0	0	0	0	0	0	0	0	0	0	0	0	0	0	0	0	2	3	1	0	0	0	0	0
Blattabacterium	1	0	0	0	0	0	1	0	0	0	0	0	0	0	0	0	0	0	0	0	0	0	0	0	0	0	0
Blautia	171086	163	90	88	21210	1127	147	102	13	377	38	27	12	424	16	17	3	20	23	65	13	428	20039	44843	32231	23000	26570
Bordetella	401	11	5	11	0	0	0	1	0	0	5	259	35	4	0	1	1	66	2	0	0	0	0	0	0	0	0
Bosea	2246	6	153	280	2	0	30	1603	9	3	5	77	1	6	4	1	4	56	0	0	1	1	0	1	2	1	0
Brachybacterium	779	0	0	1	0	0	156	597	16	1	0	1	1	0	0	0	0	1	1	0	3	0	0	1	0	0	0
Brachymonas	6150	440	308	1472	0	0	83	410	90	3	9	214	2903	37	52	48	1	49	5	3	7	0	0	3	6	4	3
Bradyrhizobium	12028	5013	5361	152	3	1	24	101	12	6	3	1	8	235	518	485	3	41	18	0	2	4	1	1	15	18	2
Brenneria	25	1	0	0	0	0	0	1	0	1	0	0	2	0	0	0	0	0	1	0	0	0	0	0	8	5	6
Brevibacillus	19	0	8	0	0	0	0	0	8	0	0	0	0	0	0	0	0	0	0	0	0	2	0	0	0	0	1
Brevibacterium	1485	3	0	0	0	2	413	1037	19	0	1	2	0	0	0	0	0	0	4	0	3	0	0	1	0	0	0
Brevundimonas	9676	78	291	569	2	3	383	2669	354	9	11	222	3913	66	43	26	965	52	7	0	2	1	0	1	4	1	4
Buchnera	819	0	0	0	0	0	698	60	55	0	0	0	0	0	0	0	0	0	0	1	2	1	0	0	0	0	2
Bulleidia	1391	0	1	0	5	1	722	48	29	548	15	1	1	0	0	0	0	0	0	0	0	0	5	0	4	5	6
Burkholderia	37100	26346	9003	143	8	7	15	392	29	21	2	45	465	72	93	67	37	8	102	1	7	15	6	5	177	29	5
Buttiauxella	71	0	1	1	0	0	0	1	15	0	0	0	0	2	0	0	0	1	0	0	0	0	0	0	12	15	23
Butyrivibrio	711	20	4	3	18	13	34	7	20	383	17	12	0	1	0	0	1	3	0	0	3	2	10	33	51	33	43
C1_B004	1481	0	0	0	0	0	0	0	0	0	0	4	3	186	652	627	1	0	0	4	2	0	0	0	2	0	0
Caedibacter	75	0	4	0	0	0	0	0	0	0	0	1	9	35	20	4	0	0	0	0	0	1	0	0	1	0	0
Caldilinea	2735	39	113	112	1	0	0	4	0	3	1	3	0	1075	685	650	3	1	1	17	13	2	0	3	6	2	1
Caldimonas	1	0	1	0	0	0	0	0	0	0	0	0	0	0	0	0	0	0	0	0	0	0	0	0	0	0	0
Caloramator	234	2	88	0	0	0	0	0	3	0	0	0	1	21	47	67	0	0	0	0	0	4	0	1	0	0	0
Calothrix	23	0	0	0	0	0	0	1	0	1	0	19	0	1	0	1	0	0	0	0	0	0	0	0	0	0	0
Campylobacter	42053	39	13	4	1436	16	4311	173	3257	31719	728	136	10	32	17	13	5	15	60	3	7	6	17	8	10	11	7
CandidatusAmoebophilus	218	1	8	10	0	0	0	0	0	0	0	4	0	31	103	56	1	0	0	0	2	1	0	1	0	0	0
CandidatusAnammoxoglobus	1	0	0	0	0	0	0	0	0	0	0	0	0	0	0	0	0	0	0	0	1	0	0	0	0	0	0
CandidatusAquiluna	14632	5	7	18	0	6	0	5	2	19	127	10512	1232	25	15	29	585	1340	675	2	5	1	1	1	7	6	7
CandidatusAquirestis	31395	2	0	3	3	2	1	3	1	15	18	189	30706	214	35	169	2	2	5	3	2	1	6	4	6	1	2
CandidatusAzobacteroides	78	31	1	3	0	0	1	0	0	0	0	0	1	4	6	5	0	0	0	1	1	2	0	0	8	7	7
CandidatusBlochmannia	65	10	7	0	0	0	0	0	0	0	0	0	0	0	0	0	0	3	6	2	34	3	0	0	0	0	0
CandidatusBrocadia	1	0	0	0	0	0	0	0	0	0	0	0	0	0	1	0	0	0	0	0	0	0	0	0	0	0	0
CandidatusCloacamonas	1	0	0	0	0	0	0	0	0	0	0	0	0	0	0	1	0	0	0	0	0	0	0	0	0	0	0
CandidatusEndobugula	213	0	0	0	0	0	0	0	1	0	0	0	0	0	0	1	5	37	5	60	97	7	0	0	0	0	0
CandidatusEntotheonella	1282	819	380	44	0	1	0	0	0	0	0	1	0	1	2	11	0	0	0	0	6	11	0	1	4	1	0
CandidatusHamiltonella	3	0	0	0	0	0	2	0	0	1	0	0	0	0	0	0	0	0	0	0	0	0	0	0	0	0	0
CandidatusKoribacter	13286	10714	2359	9	2	7	0	29	2	3	0	4	0	9	24	43	2	2	3	0	2	5	2	0	52	11	2
CandidatusMethanoregula	282	0	0	0	0	0	0	0	0	0	0	0	0	9	127	146	0	0	0	0	0	0	0	0	0	0	0
CandidatusMethylacidiphilum	2	0	0	0	0	0	0	0	0	0	0	0	0	2	0	0	0	0	0	0	0	0	0	0	0	0	0
CandidatusMethylomirabilis	3	0	0	0	0	0	0	0	0	0	0	0	0	2	1	0	0	0	0	0	0	0	0	0	0	0	0
CandidatusNitrososphaera	30796	234	983	28774	1	1	40	75	128	4	1	3	1	1	3	4	0	2	0	22	286	139	3	3	7	7	74
CandidatusOdyssella	1496	36	63	12	0	1	0	6	0	1	0	153	1050	53	29	27	0	50	10	0	1	1	0	1	1	1	0
CandidatusPelagibacter	177698	24	14	13	26	41	11	23	35	760	128	4438	6878	533	2172	527	73153	9642	78772	156	42	33	47	42	108	31	49
CandidatusPhlomobacter	1	0	0	0	0	0	0	0	0	0	0	0	0	0	0	0	0	0	0	0	0	0	0	0	0	1	0
CandidatusPortiera	271707	19	10	20	25	19	16	19	21	1636	160	79	43	575	1121	293	35483	48292	183197	353	68	27	49	21	88	34	39
CandidatusProtochlamydia	133	14	74	12	0	0	0	18	0	0	0	0	1	0	3	7	0	0	0	0	2	2	0	0	0	0	0
CandidatusRegiella	5	0	0	0	0	0	5	0	0	0	0	0	0	0	0	0	0	0	0	0	0	0	0	0	0	0	0
CandidatusRhabdochlamydia	292	111	150	4	0	0	0	4	0	0	0	1	3	2	4	8	0	0	0	0	5	0	0	0	0	0	0
CandidatusRhodoluna	6680	1	18	3	0	3	1	5	0	4	98	6428	39	3	3	9	8	32	16	3	0	0	0	1	1	0	4
CandidatusSolibacter	169866	126294	24191	12306	52	46	36	222	23	41	11	229	183	475	1904	1869	17	27	21	85	649	259	41	28	700	98	59
CandidatusSulcia	84	0	0	0	0	0	54	11	19	0	0	0	0	0	0	0	0	0	0	0	0	0	0	0	0	0	0
CandidatusTremblaya	10	0	0	0	0	0	0	10	0	0	0	0	0	0	0	0	0	0	0	0	0	0	0	0	0	0	0
CandidatusXiphinematobacter	25607	2105	2950	15	2	4	17	47	1	29	138	6630	11017	1888	321	345	6	12	5	5	7	4	2	2	37	13	5
Capnocytophaga	20698	1	0	1	1	1	9061	315	10228	596	418	17	5	4	10	2	1	6	3	11	3	5	1	2	3	1	2
Cardiobacterium	1754	0	0	0	1	0	1314	16	391	26	0	3	0	0	0	0	0	0	0	0	0	1	0	0	1	0	1
Carnobacterium	362	0	0	0	0	2	146	22	14	161	6	2	0	3	1	1	0	0	1	0	1	1	1	0	0	0	0
Catellatospora	528	250	233	12	0	0	2	0	14	0	0	0	0	0	0	0	0	1	1	0	7	4	0	0	1	3	0
Catellibacterium	4	0	0	0	0	0	0	3	0	0	0	0	0	0	0	0	0	1	0	0	0	0	0	0	0	0	0
Catenibacterium	37417	49	18	10	1	2	29	0	1	4	4	2	0	35	6	4	2	8	1	26	3	83	23	3	14747	8716	13640
Catenulispora	530	517	11	0	0	0	0	1	0	0	0	0	0	0	0	0	0	0	0	0	0	0	0	0	1	0	0
Catonella	240	0	1	0	0	0	93	0	19	120	6	0	0	1	0	0	0	0	0	0	0	0	0	0	0	0	0
Caulobacter	2948	129	549	1021	2	0	22	159	5	1	1	24	132	25	28	28	107	629	62	5	11	2	0	0	0	3	3
Cedecea	2	0	0	0	0	0	0	1	0	0	0	0	0	0	0	0	0	0	0	0	0	0	0	0	0	0	1
Celerinatantimonas	1	0	0	0	0	0	0	0	0	0	0	0	0	0	0	0	1	0	0	0	0	0	0	0	0	0	0
Cellulomonas	612	2	72	395	0	0	12	50	54	0	1	13	4	1	1	1	1	2	0	0	1	1	0	0	0	1	0
Cellulophaga	5	0	0	0	0	0	0	0	0	0	0	0	0	0	0	0	0	4	1	0	0	0	0	0	0	0	0
Cellulosimicrobium	72	2	2	7	0	1	30	14	4	4	0	0	0	3	0	0	0	1	1	2	1	0	0	0	0	0	0
Cellvibrio	495	50	367	5	0	0	16	26	8	0	0	0	4	1	1	13	0	3	0	0	0	0	0	0	0	1	0
Cenarchaeum	8	0	0	0	0	0	0	0	0	0	0	0	0	0	0	0	0	2	1	0	1	4	0	0	0	0	0
Cetobacterium	35	0	0	0	0	0	5	0	0	0	0	0	13	5	1	0	0	9	2	0	0	0	0	0	0	0	0
Chelativorans	610	44	102	69	0	0	3	3	2	0	0	0	1	104	120	106	0	2	1	7	43	1	0	0	0	2	0
Chelatococcus	30	2	14	13	0	0	0	1	0	0	0	0	0	0	0	0	0	0	0	0	0	0	0	0	0	0	0
Chelonobacter	5	0	0	0	0	0	0	0	0	1	0	0	0	0	0	0	0	1	1	0	0	0	0	0	0	0	2
Chitinimonas	27	14	6	0	0	0	0	0	0	0	0	0	0	2	4	1	0	0	0	0	0	0	0	0	0	0	0
Chitinophaga	1378	312	169	857	0	0	0	0	0	0	0	4	0	4	6	8	0	10	0	0	0	0	0	0	0	1	7
Chondromyces	816	84	233	343	1	0	0	0	0	1	0	1	0	11	55	56	1	0	1	4	15	5	1	0	3	1	0
Chromobacterium	1	0	0	0	0	0	0	0	0	0	0	0	0	1	0	0	0	0	0	0	0	0	0	0	0	0	0
Chromohalobacter	4	0	0	0	0	0	3	0	0	0	0	0	0	0	0	0	0	0	0	0	1	0	0	0	0	0	0
Chroococcidiopsis	119	0	0	60	0	0	1	46	1	0	0	2	0	7	2	0	0	0	0	0	0	0	0	0	0	0	0
Chryseobacterium	2498	59	587	13	0	0	384	997	395	1	2	14	7	0	0	0	0	20	16	1	0	0	0	1	0	0	1
Chthoniobacter	35834	4882	8074	7938	4	4	74	329	35	16	14	487	106	7315	3537	2814	21	18	9	11	3	9	2	22	55	25	30
Citricoccus	39	0	0	0	0	0	6	18	14	0	0	0	0	0	0	0	0	0	0	0	1	0	0	0	0	0	0
Citrobacter	284	0	0	0	0	0	3	9	3	1	0	0	0	1	0	0	0	1	0	0	0	2	0	0	81	96	87
Clavibacter	248	1	2	2	0	0	56	17	7	0	0	141	17	3	1	0	0	0	0	0	0	0	0	0	0	0	1
Cloacibacillus	71	0	0	0	0	29	0	0	0	0	0	0	0	0	0	0	0	0	0	0	0	0	42	0	0	0	0
Clostridium	69418	44	33	43	4574	1418	18	21	7	14	3	3	4	75	9	6	4	4	5	51	1	170	681	68	26708	14320	21134
Clostridium_1	289801	383	418	159	6792	6206	256	220	126	95	35	64	64	2082	7353	5687	50	54	41	171	287	1067	11132	667	77440	96869	72083
Clostridium_2	6	0	0	0	0	0	0	0	6	0	0	0	0	0	0	0	0	0	0	0	0	0	0	0	0	0	0
Clostridium_3	47864	12	11	22	1373	555	2	0	0	24	6	5	3	127	7	12	4	6	4	29	20	135	5945	11185	10272	7078	11027
Clostridium_4	103467	149	52	53	8065	7409	397	115	35	1572	115	18	13	251	13	22	1	25	11	26	93	895	20649	25997	14556	10714	12221
Cobetia	32	0	0	0	0	0	0	0	0	0	0	0	0	0	1	0	30	1	0	0	0	0	0	0	0	0	0
Cohaesibacter	14	0	2	12	0	0	0	0	0	0	0	0	0	0	0	0	0	0	0	0	0	0	0	0	0	0	0
Cohnella	134	15	85	2	0	0	12	0	2	0	0	0	0	0	3	4	0	0	0	0	4	5	0	0	0	2	0
Collimonas	713	28	14	25	1	0	2	2	0	1	5	161	6	85	214	165	0	1	0	1	1	0	0	0	1	0	0
Collinsella	1291	0	0	0	46	20	0	4	1	0	0	0	0	12	0	0	0	0	0	0	0	1	7	980	63	88	69
Colwellia	1264	0	0	0	0	0	0	0	0	1	1	1	0	15	7	9	11	1099	108	2	8	1	0	0	0	1	0
Comamonas	1933	4	22	2	0	1	7	1422	67	0	6	225	32	38	48	34	0	15	5	2	0	0	1	0	0	1	1
Conchiformibius	366	0	0	1	0	0	181	31	115	31	4	1	1	0	1	0	0	0	0	0	0	0	0	0	0	0	0
Congregibacter	4403	5	0	0	0	1	0	1	1	8	2	2	1	28	56	42	898	808	256	368	1233	604	5	2	38	19	25
Coprobacillus	862	0	0	0	48	1	0	0	0	0	0	0	0	4	0	0	0	0	0	0	0	3	132	663	6	4	1
Coprococcus	70073	104	32	37	52395	6717	38	191	1	37	12	17	7	43	43	34	4	13	15	1	13	93	5289	4298	248	165	226
Coprothermobacter	15	0	0	0	0	0	0	1	13	0	1	0	0	0	0	0	0	0	0	0	0	0	0	0	0	0	0
Corallococcus	13	0	4	9	0	0	0	0	0	0	0	0	0	0	0	0	0	0	0	0	0	0	0	0	0	0	0
Corynebacterium	92615	10	14	11	60	30	39331	42026	10597	143	82	52	36	23	28	11	4	23	18	9	18	16	21	16	13	6	17
Coxiella	441	13	94	0	0	0	0	0	0	0	0	0	0	0	0	0	0	3	0	9	264	57	0	1	0	0	0
Crenothrix	104758	8	15	5	8	9	3	6	9	43	41	147	355	8567	41164	38135	205	76	101	274	13321	2135	8	27	76	11	9
Croceibacter	1	0	0	0	0	0	0	0	0	0	0	0	0	0	0	0	0	0	0	0	1	0	0	0	0	0	0
Crocosphaera	3	0	0	0	0	0	0	0	0	0	0	1	0	2	0	0	0	0	0	0	0	0	0	0	0	0	0
Cronobacter	5	0	1	0	0	0	0	1	0	0	0	0	0	0	0	0	0	1	0	0	1	0	0	0	0	0	1
Crossiella	1368	27	241	987	0	0	29	56	13	0	0	2	0	2	0	0	0	1	0	2	3	2	0	0	1	1	1
Cryobacterium	149	0	26	59	0	0	5	13	4	0	0	33	0	1	1	6	0	0	0	0	0	0	0	0	1	0	0
Cryocola	72	10	28	27	0	0	0	0	0	0	0	4	0	1	0	0	0	0	0	1	1	0	0	0	0	0	0
Cryptosporangium	317	11	43	232	0	0	0	29	1	0	0	0	0	0	0	0	0	0	1	0	0	0	0	0	0	0	0
Cupriavidus	8575	73	544	52	1	2	5	77	1	9	16	1321	38	1091	2314	2031	225	596	158	1	4	2	0	5	4	4	1
Curtobacterium	455	11	68	23	0	0	63	108	29	0	1	120	17	3	5	2	0	0	0	0	3	1	0	0	0	1	0
Curvibacter	40	1	1	0	0	0	1	2	0	0	0	1	5	5	5	17	0	1	1	0	0	0	0	0	0	0	0
Cyanobacterium	668	1	0	0	0	1	0	0	0	2	0	2	0	320	236	101	0	1	0	0	0	0	0	1	3	0	0
Cyclobacterium	18	0	0	0	0	0	2	4	2	2	0	0	0	0	6	2	0	0	0	0	0	0	0	0	0	0	0
Cycloclasticus	531	0	0	0	0	0	0	0	0	2	0	0	1	0	0	0	4	395	125	1	3	0	0	0	0	0	0
Cystobacter	769	2	13	678	0	0	0	3	0	0	0	0	0	8	29	36	0	0	0	0	0	0	0	0	0	0	0
Cytophaga	25452	8788	2588	5154	3	6	5	122	29	9	62	4562	95	945	1442	1536	9	7	3	6	6	8	4	3	34	7	19
Dactylosporangium	1545	333	386	772	2	0	0	0	2	0	0	0	0	3	28	5	0	0	2	0	0	0	1	0	5	3	3
DCE29	12	0	0	0	0	0	0	0	0	0	0	0	0	0	4	8	0	0	0	0	0	0	0	0	0	0	0
Dechloromonas	1951	10	147	1	0	0	1	43	3	2	1	39	13	345	562	759	10	5	3	0	0	2	0	3	2	0	0
Deefgea	36	0	0	0	0	0	0	0	0	0	0	5	17	10	3	1	0	0	0	0	0	0	0	0	0	0	0
Dehalobacterium	116	1	5	0	11	60	0	0	0	0	0	0	0	1	2	1	0	0	0	1	3	9	22	0	0	0	0
Deinococcus	2249	2	26	527	0	0	179	1042	96	1	3	25	273	1	0	1	0	0	3	2	52	14	0	0	1	1	0
Delftia	43	0	1	0	0	0	0	1	0	1	0	0	8	5	8	19	0	0	0	0	0	0	0	0	0	0	0
Demequina	582	6	79	47	0	0	10	42	21	4	4	61	108	11	10	12	20	83	55	2	6	1	0	0	0	0	0
Dermabacter	314	1	0	0	0	0	17	285	10	0	0	0	0	1	0	0	0	0	0	0	0	0	0	0	0	0	0
Dermacoccus	1661	5	65	2	0	0	38	1331	36	159	8	5	3	0	2	0	0	0	1	1	3	0	0	0	0	2	0
Dermatophilus	90	0	4	2	0	0	26	43	7	4	0	3	1	0	0	0	0	0	0	0	0	0	0	0	0	0	0
Desemzia	2	0	0	0	0	0	1	0	0	0	0	0	0	0	0	0	0	0	0	1	0	0	0	0	0	0	0
Desulfatibacillum	2	0	0	0	0	0	0	0	0	0	0	0	0	0	0	0	0	0	0	0	0	2	0	0	0	0	0
Desulfitobacterium	23231	14	18	6	2	3	0	0	0	8	0	3	2	27	4	2	0	5	5	21	3	70	10	1	8457	7109	7461
Desulfobacca	3099	0	1	0	0	0	0	0	0	1	0	9	16	391	1269	1400	6	1	1	0	1	0	0	0	3	0	0
Desulfobacter	10	0	0	0	0	0	0	0	0	0	0	0	0	0	0	0	0	4	0	0	5	0	0	0	1	0	0
Desulfobacterium	14010	0	4	1	2	0	2	1	2	4	4	17	20	604	4565	5151	31	29	10	239	1072	2205	11	10	18	5	3
Desulfobulbus	4281	1	2	0	0	0	27	0	4	1	1	4	12	1136	914	1028	7	4	0	51	334	740	3	6	5	0	1
Desulfocapsa	289	0	0	0	1	0	0	0	0	0	1	2	1	15	40	33	4	13	0	15	111	53	0	0	0	0	0
Desulfococcus	570	0	0	1	0	0	0	0	0	0	0	0	0	0	2	4	0	0	1	44	194	317	0	0	6	1	0
Desulfofaba	4	0	0	0	0	0	0	0	0	0	0	0	0	0	0	0	0	4	0	0	0	0	0	0	0	0	0
Desulfofrigus	3	0	0	0	0	0	0	0	0	0	0	0	0	0	0	0	0	3	0	0	0	0	0	0	0	0	0
Desulfomicrobium	9	0	0	0	0	0	7	0	1	0	0	0	0	0	1	0	0	0	0	0	0	0	0	0	0	0	0
Desulfomonile	1001	0	0	0	0	0	0	0	0	1	0	2	10	112	421	427	5	0	0	0	5	15	1	1	1	0	0
Desulfonatronospira	1	0	0	0	0	0	0	0	0	0	0	0	0	0	0	0	0	0	0	0	1	0	0	0	0	0	0
Desulfonatronum	4	0	0	0	0	0	0	0	0	0	0	0	0	0	2	0	0	0	0	0	1	1	0	0	0	0	0
Desulforhopalus	525	0	0	0	0	0	0	1	1	2	0	0	0	2	1	1	1	5	2	103	292	111	0	1	1	0	1
Desulfosarcina	2098	0	0	0	0	0	0	0	2	1	2	0	0	2	1	1	1	4	6	265	1164	642	1	1	4	0	1
Desulfosporomusa	11	0	0	0	0	0	0	0	0	0	0	0	0	1	4	5	0	0	0	0	1	0	0	0	0	0	0
Desulfosporosinus	189	1	14	0	0	0	9	0	0	0	0	0	1	18	46	78	0	0	0	0	8	14	0	0	0	0	0
Desulfotalea	204	0	0	0	0	0	0	0	0	0	0	0	0	1	5	0	0	9	2	14	147	25	0	0	1	0	0
Desulfotomaculum	1	0	0	0	0	0	0	0	0	0	0	0	0	0	1	0	0	0	0	0	0	0	0	0	0	0	0
Desulfovibrio	4763	55	8	3	3536	514	0	25	4	2	1	2	7	90	247	125	3	10	4	4	51	68	2	0	2	0	0
Desulfuromonas	25429	5	5	1	2	2	0	1	4	10	4	8	2	26	72	65	3	25	15	654	11127	13220	24	6	143	3	2
Desulfuromusa	6	0	0	0	0	0	0	0	0	0	0	0	0	0	0	0	0	0	0	0	5	1	0	0	0	0	0
Devosia	6677	646	3454	781	0	0	123	128	19	0	3	115	16	279	279	244	30	499	1	2	35	5	1	3	6	6	2
Dialister	6275	1	1	2	1903	2975	464	129	155	15	3	0	0	2	2	0	0	0	0	0	1	5	606	11	0	0	0
Diaphorobacter	80	0	0	0	0	0	0	0	0	0	1	67	0	0	5	7	0	0	0	0	0	0	0	0	0	0	0
Dichelobacter	1	0	0	0	0	0	0	0	0	0	0	0	0	0	1	0	0	0	0	0	0	0	0	0	0	0	0
Dickeya	91	0	0	0	0	0	0	0	0	0	0	0	0	0	0	0	0	0	1	0	0	2	0	0	34	28	26
Dietzia	1279	0	0	1	12	1	464	612	64	1	0	2	1	0	0	2	0	1	4	2	98	13	1	0	0	0	0
Dinoroseobacter	187	0	0	0	0	0	0	0	0	2	0	0	0	0	0	0	2	54	123	5	1	0	0	0	0	0	0
Dokdonella	2303	441	1241	65	0	0	0	483	2	1	1	34	0	4	2	12	0	1	0	1	4	0	0	0	5	6	0
Dokdonia	41	0	0	0	0	0	0	0	0	0	0	0	0	0	0	0	0	40	1	0	0	0	0	0	0	0	0
Dolichospermum	928033	24	23	392	30	119	26	29	67	532	8719	914391	967	130	136	1030	113	114	126	305	75	19	52	46	89	77	402
Dorea	44023	16	23	24	1158	108	2	14	0	18	4	8	2	105	5	5	1	7	4	26	2	103	4450	8371	10948	8530	10089
Dyadobacter	714	13	213	61	0	0	254	141	28	0	0	0	0	1	0	0	0	0	0	1	0	0	1	0	0	1	0
Dyella	617	537	56	0	0	0	0	19	0	0	0	0	0	1	1	0	0	0	0	0	0	0	0	0	3	0	0
Dysgonomonas	146	8	1	1	0	38	9	6	0	1	0	0	0	8	20	18	0	1	0	0	1	0	17	2	10	2	3
Echinicola	1	1	0	0	0	0	0	0	0	0	0	0	0	0	0	0	0	0	0	0	0	0	0	0	0	0	0
Ectothiorhodospira	14	1	3	0	0	0	0	0	0	0	0	0	0	0	0	0	0	0	0	4	3	3	0	0	0	0	0
Edaphobacter	2390	1420	934	1	1	0	2	2	7	0	0	1	0	3	1	0	0	1	0	0	0	0	0	0	12	4	1
Edwardsiella	86297	55	48	30	8	9	5	0	1	20	6	11	8	102	13	7	0	18	22	77	4	245	39	15	30920	25823	28811
Eggerthella	721	1	0	0	208	0	0	0	0	0	0	1	0	5	0	0	0	0	0	0	0	3	248	255	0	0	0
Eikenella	416	1	0	0	0	0	150	2	197	52	6	2	2	2	2	0	0	0	0	0	0	0	0	0	0	0	0
Elizabethkingia	134	0	59	1	0	0	0	66	0	0	0	1	0	0	0	2	0	3	2	0	0	0	0	0	0	0	0
Emticicia	2117	0	24	1	0	0	0	0	0	1	2	5	2014	55	7	7	0	0	0	0	0	0	0	0	1	0	0
Endozoicimonas	48	0	0	0	0	0	0	0	0	1	0	0	0	1	1	3	3	28	4	2	3	2	0	0	0	0	0
Ensifer	254	2	10	30	0	0	14	48	5	1	0	0	0	0	1	0	0	2	0	7	117	17	0	0	0	0	0
Enterobacter	113	0	0	0	0	0	0	1	0	0	1	0	0	0	0	0	0	0	0	0	0	0	0	0	36	34	41
Enterococcus	1748	2	3	0	2	0	383	31	17	1295	7	0	0	1	2	1	0	0	3	0	0	1	0	0	0	0	0
Enterovibrio	178	0	0	0	0	0	2	0	0	0	0	0	0	1	0	0	6	159	10	0	0	0	0	0	0	0	0
Entomoplasma	4	4	0	0	0	0	0	0	0	0	0	0	0	0	0	0	0	0	0	0	0	0	0	0	0	0	0
Epulopiscium	58	19	4	3	1	1	3	0	9	0	0	1	0	0	3	1	0	0	0	0	5	6	1	0	1	0	0
Erwinia	28768	5	21	3	1	1	94	275	29	10	4	5	31	17	3	6	1	11	6	9	2	79	21	5	9890	8433	9806
Erysipelothrix	1	0	0	0	0	0	0	0	0	0	0	0	0	0	0	0	0	0	0	0	0	0	0	0	0	0	1
Erythrobacter	81	0	6	6	0	0	0	25	0	0	0	0	0	0	0	0	1	0	2	11	24	6	0	0	0	0	0
Erythromicrobium	86	0	5	57	0	0	1	3	8	0	0	2	0	4	1	2	0	0	0	0	2	0	0	0	1	0	0
Escherichia	94	1	1	0	0	1	1	1	0	1	0	0	0	3	1	0	1	4	3	1	0	0	1	1	26	18	29
Ethanoligenens	4	0	0	0	0	0	0	0	0	0	0	0	0	2	2	0	0	0	0	0	0	0	0	0	0	0	0
Eubacterium	2148	0	0	0	0	1	883	3	246	318	12	1	1	4	0	0	0	0	0	0	0	1	58	620	0	0	0
Eubacterium_1	1505	0	0	0	350	9	387	38	0	535	29	0	0	2	0	0	0	1	0	0	0	0	101	53	0	0	0
Eubacterium_2	5773	25	3	9	883	658	25	13	0	136	5	7	0	13	0	0	0	2	0	0	10	150	2341	1325	63	49	56
Eubacterium_3	13036	4	3	2	6827	665	4	12	0	8	1	3	0	31	2	0	0	0	1	0	2	19	2081	3330	16	14	11
Euzebia	277	1	7	265	0	0	0	1	0	0	0	0	0	0	0	0	0	0	0	0	0	3	0	0	0	0	0
Ewingella	3	0	1	0	0	0	0	1	0	0	0	0	0	0	0	0	0	0	0	0	0	0	0	0	0	0	1
Exiguobacterium	232	1	8	1	0	0	137	31	37	0	0	2	1	3	3	3	0	0	0	0	2	2	1	0	0	0	0
Facklamia	205	1	0	0	0	0	70	108	20	1	0	1	3	0	0	0	0	0	0	0	0	0	1	0	0	0	0
Faecalibacterium	609623	419	133	130	162726	65482	145	436	47	851	133	148	50	1069	146	66	19	86	109	13	32	2723	215516	157965	770	184	225
Ferrimonas	145	0	0	0	0	0	0	0	0	0	0	0	0	1	1	0	2	138	3	0	0	0	0	0	0	0	0
Fervidobacterium	20	0	0	0	0	0	0	11	9	0	0	0	0	0	0	0	0	0	0	0	0	0	0	0	0	0	0
Fibrobacter	237	145	17	74	0	0	0	0	0	0	0	0	0	0	0	0	0	0	0	0	0	0	0	0	1	0	0
Filifactor	322	0	0	0	0	0	298	0	7	17	0	0	0	0	0	0	0	0	0	0	0	0	0	0	0	0	0
Finegoldia	13374	1	0	0	2797	81	3168	6243	918	8	6	8	1	1	6	0	0	1	2	1	0	1	77	47	3	0	4
Fischerella	1	0	0	0	0	0	0	0	0	0	0	0	1	0	0	0	0	0	0	0	0	0	0	0	0	0	0
Flammeovirga	45	0	0	0	0	0	0	0	0	0	0	0	0	1	0	0	4	39	1	0	0	0	0	0	0	0	0
Flavisolibacter	21464	427	2202	15019	5	0	212	747	569	4	8	46	2070	23	19	27	0	4	2	6	18	3	6	1	2	8	36
Flavobacterium	144736	238	3059	1130	10	21	333	1476	183	108	811	88471	45028	1388	561	1322	34	172	167	35	24	7	13	11	39	37	58
Flectobacillus	7	0	0	1	0	1	0	0	0	0	0	1	0	0	0	0	2	0	2	0	0	0	0	0	0	0	0
Flexibacter	79	0	0	0	0	0	0	0	0	0	1	78	0	0	0	0	0	0	0	0	0	0	0	0	0	0	0
Flexithrix	5	0	0	1	0	0	0	0	0	0	0	0	0	0	0	0	0	1	0	1	2	0	0	0	0	0	0
Fluviicola	41820	8	45	4	3	7	1	3	7	68	126	9965	5387	166	71	59	1658	18442	5534	14	160	62	2	1	13	8	6
Formosa	96	0	0	0	1	0	0	0	0	0	0	0	0	1	0	0	14	57	20	0	2	0	0	0	0	1	0
Francisella	71	0	0	0	0	0	0	0	0	0	0	0	0	0	0	0	20	23	6	6	12	4	0	0	0	0	0
Frankia	367	33	115	190	0	0	2	8	1	0	0	3	1	3	3	2	0	0	0	0	0	0	2	0	0	2	2
Frateuria	418	372	27	0	0	0	0	14	0	1	0	0	0	1	0	0	0	0	0	0	0	0	0	0	1	1	1
Friedmanniella	1	0	0	1	0	0	0	0	0	0	0	0	0	0	0	0	0	0	0	0	0	0	0	0	0	0	0
Frigoribacterium	237	1	14	2	0	0	1	2	0	0	3	206	1	1	2	3	0	1	0	0	0	0	0	0	0	0	0
Fructobacillus	4	0	0	0	0	0	0	0	1	2	0	0	0	0	0	0	0	0	0	0	0	0	1	0	0	0	0
Fulvimarina	34	0	0	0	0	0	0	0	0	0	0	0	0	0	1	0	0	33	0	0	0	0	0	0	0	0	0
Fulvivirga	187	1	20	19	0	0	0	0	10	1	1	0	0	0	0	0	0	19	1	25	85	5	0	0	0	0	0
Fusibacter	3	0	0	0	0	0	0	0	0	0	0	0	1	0	1	1	0	0	0	0	0	0	0	0	0	0	0
Fusobacterium	162439	1258	218	340	27	50	36638	1449	15532	99446	6581	202	43	83	59	37	20	43	228	33	21	17	14	12	39	22	27
Gallibacterium	997	0	0	0	0	0	236	6	46	692	11	1	0	0	0	0	0	1	3	0	1	0	0	0	0	0	0
Gallionella	657	15	43	2	1	0	2	4	12	0	2	29	16	67	176	239	0	43	2	0	0	3	0	0	1	0	0
Gardnerella	7	0	0	0	0	0	4	1	1	0	0	0	0	0	0	0	0	0	0	0	0	0	0	0	1	0	0
Gelidibacter	37	0	0	0	0	0	0	0	0	0	0	0	0	0	0	0	0	24	10	2	1	0	0	0	0	0	0
Gemella	19210	3	3	1	7	6	15562	911	894	1481	237	45	5	14	6	4	2	6	9	1	0	2	1	3	2	4	1
Gemmata	9860	2905	3204	2618	2	0	2	66	8	2	1	3	40	499	208	226	1	2	4	1	1	2	7	3	24	14	17
Gemmatimonas	10375	1239	3597	1570	1	0	1	8	42	2	6	654	34	1144	1088	947	6	1	3	1	3	1	1	0	9	7	10
Geobacillus	28	0	2	0	0	0	11	5	0	1	0	0	0	0	0	0	0	0	0	0	6	3	0	0	0	0	0
Geobacter	51065	27	705	7	4	1	1	3	5	14	10	63	129	6886	19405	20588	123	27	14	24	728	2195	9	31	51	11	4
Geodermatophilus	7195	70	329	6602	1	1	22	51	25	1	2	16	9	17	2	7	0	2	1	1	10	1	0	2	2	2	19
Georgenia	379	11	27	75	0	0	12	74	32	0	0	23	4	0	7	13	11	42	32	0	13	1	0	0	1	1	0
Geothrix	1474	8	2	0	0	0	0	0	0	1	0	1	24	279	491	662	2	1	0	0	0	0	1	0	2	0	0
Giesbergeria	13	1	0	1	0	0	0	4	0	0	1	4	2	0	0	0	0	0	0	0	0	0	0	0	0	0	0
Gillisia	201	0	0	0	0	0	8	153	26	0	1	0	0	0	0	0	0	6	7	0	0	0	0	0	0	0	0
Glaciecola	1257	1	0	0	0	0	1	1	0	0	0	0	0	11	4	1	55	1130	34	3	5	0	0	0	8	1	2
Gloeotrichia	25	0	0	3	0	0	0	0	0	0	0	1	1	1	5	13	0	0	0	0	0	1	0	0	0	0	0
Gluconacetobacter	36	28	5	0	0	0	0	0	0	0	0	0	0	2	1	0	0	0	0	0	0	0	0	0	0	0	0
Gluconobacter	1	0	1	0	0	0	0	0	0	0	0	0	0	0	0	0	0	0	0	0	0	0	0	0	0	0	0
Glycomyces	10	0	0	2	0	0	0	0	0	0	0	0	0	0	0	0	0	0	0	0	7	1	0	0	0	0	0
Goodfellowiella	25	5	1	19	0	0	0	0	0	0	0	0	0	0	0	0	0	0	0	0	0	0	0	0	0	0	0
Gordonia	5577	1	1	3	0	0	97	5380	39	13	4	10	0	3	1	2	0	2	0	1	5	11	1	0	1	0	2
GOUTA19	4219	0	1	0	0	0	0	0	0	2	1	10	21	338	1366	2450	12	1	4	1	5	4	0	2	1	0	0
GOUTA7	38	0	1	0	0	0	0	0	0	0	0	0	0	1	0	2	0	0	0	0	1	33	0	0	0	0	0
Gramella	54	0	0	0	0	0	0	0	0	1	0	0	0	0	0	0	0	41	4	0	5	3	0	0	0	0	0
Granulicatella	22140	4	5	3	7	5	11543	288	671	9314	172	55	5	6	5	5	0	4	22	0	2	1	2	5	8	2	6
Haematobacter	325	0	0	0	1	0	2	77	2	0	0	49	2	44	89	44	0	11	2	0	0	0	0	1	1	0	0
Haemophilus	456928	38	74	35	179	69	40060	1069	6621	397093	7435	1926	121	376	137	176	53	134	714	40	72	46	82	47	138	127	66
Hahella	233	0	1	0	0	0	0	0	0	0	1	0	0	1	0	0	1	7	4	96	119	2	0	0	0	1	0
Haliangium	647	35	90	515	0	0	0	0	0	0	0	0	0	0	0	3	0	0	0	1	1	1	0	0	0	0	1
Haliscomenobacter	112	0	14	0	0	0	0	0	0	1	0	4	35	6	6	6	0	21	1	12	3	1	0	0	0	2	0
Haloanella	440	0	28	0	0	0	2	37	368	0	0	1	2	0	1	0	0	0	0	0	0	0	0	0	1	0	0
Haloarcula	17	0	0	0	0	0	0	16	0	0	0	0	0	0	0	0	0	0	0	0	0	1	0	0	0	0	0
Halobacillus	12	1	1	2	0	0	0	0	0	1	0	0	0	0	0	0	0	3	0	0	3	1	0	0	0	0	0
Halochromatium	105	0	0	0	0	0	0	0	0	0	1	0	0	0	0	0	0	0	2	3	59	40	0	0	0	0	0
Haloferula	363	1	3	2	0	0	0	0	0	1	1	1	21	247	17	11	0	2	0	48	6	0	0	0	2	0	0
Halolactibacillus	7	1	0	0	0	0	1	0	0	0	0	0	0	0	0	0	0	0	0	0	2	3	0	0	0	0	0
Halomicrobium	1	0	0	0	0	0	0	0	0	0	0	0	0	0	0	0	0	0	0	0	0	1	0	0	0	0	0
Halomicronema	3	0	0	0	0	0	0	0	0	0	0	0	0	1	0	0	0	0	0	2	0	0	0	0	0	0	0
Halomonas	1862	3	2	1	0	0	2	86	0	18	3	27	1	4	5	5	3	20	1659	3	15	4	1	0	0	0	0
Haloplasma	2	0	0	0	0	0	0	0	0	0	0	0	0	0	0	0	0	0	0	0	0	2	0	0	0	0	0
Haloterrigena	2	0	0	0	0	0	0	0	0	0	0	0	0	0	0	0	0	0	0	0	0	2	0	0	0	0	0
Halothiobacillus	5	1	0	0	0	0	0	0	0	0	0	0	0	0	0	1	0	0	0	0	0	3	0	0	0	0	0
HB118	17	0	0	0	0	0	0	0	0	0	0	0	1	1	5	10	0	0	0	0	0	0	0	0	0	0	0
HB2_32_21	285	0	0	0	0	0	0	0	1	0	0	0	0	1	1	1	0	2	2	25	217	35	0	0	0	0	0
Helcococcus	9	0	0	0	0	0	9	0	0	0	0	0	0	0	0	0	0	0	0	0	0	0	0	0	0	0	0
Helicobacter	29	18	4	7	0	0	0	0	0	0	0	0	0	0	0	0	0	0	0	0	0	0	0	0	0	0	0
Herbaspirillum	932	12	18	1	0	0	1	1	0	0	1	22	3	171	476	220	4	0	0	0	0	0	0	0	1	0	1
Hirschia	5	0	0	0	0	0	0	0	0	0	0	0	0	0	0	0	0	1	4	0	0	0	0	0	0	0	0
Histophilus	3	0	0	0	0	0	0	0	0	3	0	0	0	0	0	0	0	0	0	0	0	0	0	0	0	0	0
Holdemania	12882	5	11	4	378	51	1	1	3	2	3	0	0	18	1	0	0	3	1	14	2	36	180	232	4972	2641	4323
HTCC	23171	5	4	3	3	3	1	6	4	62	11	9	9	125	194	45	5136	10895	3670	503	2138	308	4	5	13	8	7
HTCC2207	48149	3	4	2	5	1	0	8	1	79	9	10	0	295	61	18	1002	40011	6559	10	16	10	3	3	25	7	7
Hydrocarboniphaga	70	0	56	0	0	0	1	0	0	0	0	0	0	0	2	0	0	0	0	0	11	0	0	0	0	0	0
Hydrogenophaga	4055	5	6	2	0	0	1	38	2	3	45	3715	52	47	62	47	12	12	1	1	0	0	0	1	2	1	0
Hydrogenophilus	11037	4	0	0	1	2	4	10239	700	25	15	8	2	3	5	3	0	8	4	2	1	0	0	3	5	3	0
Hylemonella	14829	719	1521	99	1	2	49	6067	168	19	77	4966	119	111	515	227	8	121	13	3	2	0	0	3	7	6	6
Hymenobacter	5389	46	194	2579	0	0	444	1314	238	3	4	4	513	5	2	6	0	2	1	5	4	0	0	0	1	3	21
Hyphomicrobium	11419	80	1442	246	3	1	41	220	24	3	4	10	25	2346	3820	2970	26	23	5	1	71	22	3	9	18	3	3
Hyphomonas	210	0	1	3	0	0	0	0	1	0	1	150	11	6	10	6	0	5	0	0	9	7	0	0	0	0	0
Iamia	706	168	160	218	0	0	21	53	14	1	0	0	1	36	15	12	0	0	0	0	2	0	0	0	2	2	1
Ideonella	104	3	1	2	0	0	0	19	1	0	0	21	6	18	20	9	0	2	0	0	0	1	0	0	0	1	0
Ignatzschineria	5	2	0	0	0	0	2	0	0	0	0	0	0	0	0	0	0	0	1	0	0	0	0	0	0	0	0
Ignavibacterium	2077	0	0	0	0	0	0	0	0	0	2	1	6	344	959	677	8	2	0	5	22	49	0	1	1	0	0
Inquilinus	139	75	16	1	0	0	0	0	0	0	0	0	0	0	4	2	0	0	1	14	23	3	0	0	0	0	0
Iodobacter	11	0	0	0	0	0	0	0	0	0	0	0	9	0	0	2	0	0	0	0	0	0	0	0	0	0	0
Isoptericola	24	1	4	13	0	0	1	0	0	0	0	0	0	0	0	0	0	0	0	1	2	1	0	0	0	0	1
J2_29	4566	3047	471	889	2	0	49	2	3	22	1	0	1	2	0	2	2	30	25	1	0	0	1	0	10	1	5
Janibacter	558	17	19	8	0	0	10	468	11	12	0	8	1	0	0	1	0	0	0	0	1	1	0	0	1	0	0
Jannaschia	3	0	0	0	0	0	0	0	0	0	0	0	0	0	0	0	1	1	0	0	1	0	0	0	0	0	0
Janthinobacterium	3273	74	965	759	0	0	344	773	92	2	0	32	179	6	4	7	0	1	0	1	2	2	0	0	8	15	7
Jeotgalicoccus	36	0	2	0	0	0	20	6	8	0	0	0	0	0	0	0	0	0	0	0	0	0	0	0	0	0	0
JG37_AG_70	76	3	65	0	0	0	0	0	0	0	0	1	0	1	0	3	0	0	0	0	2	0	0	0	0	1	0
Jiangella	6	0	0	5	0	0	0	1	0	0	0	0	0	0	0	0	0	0	0	0	0	0	0	0	0	0	0
Johnsonella	244	0	0	0	0	0	134	1	98	8	2	1	0	0	0	0	0	0	0	0	0	0	0	0	0	0	0
Jonesia	39	14	4	2	0	0	1	1	0	0	0	6	0	1	1	1	1	1	1	0	2	3	0	0	0	0	0
Jonquetella	7	0	0	0	7	0	0	0	0	0	0	0	0	0	0	0	0	0	0	0	0	0	0	0	0	0	0
Kaistella	19	0	0	0	0	0	4	3	5	0	0	0	0	0	7	0	0	0	0	0	0	0	0	0	0	0	0
Kaistia	201	14	54	0	0	0	0	0	0	0	0	0	0	40	63	28	0	1	0	0	1	0	0	0	0	0	0
Kaistobacter	28317	1726	6288	18459	6	1	263	997	337	9	3	5	19	5	11	4	2	30	13	2	35	12	3	4	19	18	46
Kangiella	316	0	0	0	0	1	0	0	0	0	0	0	0	3	2	1	8	190	5	14	81	11	0	0	0	0	0
Ketogulonicigenium	4	0	0	0	0	0	0	0	0	0	0	0	0	0	0	0	3	1	0	0	0	0	0	0	0	0	0
Kibdelosporangium	158	5	3	150	0	0	0	0	0	0	0	0	0	0	0	0	0	0	0	0	0	0	0	0	0	0	0
Kiloniella	1	0	0	0	0	0	0	0	0	0	0	0	0	0	0	0	1	0	0	0	0	0	0	0	0	0	0
Kineococcus	174	2	5	22	0	0	21	88	22	0	1	5	7	0	0	0	0	0	0	0	0	0	1	0	0	0	0
Kineosporia	275	10	59	155	0	0	0	28	1	0	0	8	0	3	7	1	0	0	0	0	0	0	0	0	0	2	1
Kingella	202420	14	15	16	13	11	5748	238	3882	190460	1104	100	57	103	44	25	5	40	373	15	13	12	30	18	37	21	26
Kitasatospora	45	1	12	2	0	0	0	0	1	0	0	0	0	5	11	13	0	0	0	0	0	0	0	0	0	0	0
Klebsiella	17337	17	28	3	8	1	205	333	333	5	3	2	19	17	5	1	3	41	52	5	2	32	4	4	5658	4758	5798
Knoellia	583	0	290	0	0	1	75	140	63	2	0	0	1	1	2	2	0	0	0	0	2	1	0	0	0	3	0
Kocuria	7301	13	56	74	1	1	616	4506	1700	32	11	39	22	4	10	10	17	64	75	6	24	16	1	0	0	2	1
Kordia	72	0	0	0	0	0	0	0	0	0	0	0	0	0	0	0	0	66	6	0	0	0	0	0	0	0	0
Kordiimonas	529	1	0	0	0	0	0	0	1	1	0	0	0	1	2	0	1	1	1	2	322	192	3	0	0	1	0
Kouleothrix	10	0	9	1	0	0	0	0	0	0	0	0	0	0	0	0	0	0	0	0	0	0	0	0	0	0	0
Kribbella	1797	38	60	1683	0	0	2	1	1	0	0	0	0	1	0	0	0	0	1	0	3	0	0	0	1	1	5
KSA2	301	0	0	0	0	0	0	0	0	3	1	0	0	0	0	0	0	1	4	84	132	75	1	0	0	0	0
Kurthia	130	72	10	11	0	0	4	14	17	0	0	0	0	0	0	0	0	0	0	0	0	1	0	0	1	0	0
Kushneria	10	0	0	0	0	0	0	0	0	0	0	0	0	0	0	0	0	0	10	0	0	0	0	0	0	0	0
Kutzneria	392	385	0	2	0	0	0	0	0	0	1	0	0	1	0	0	0	0	0	0	0	0	0	0	3	0	0
Kytococcus	147	1	21	0	0	0	9	12	6	78	3	3	1	1	0	0	0	0	0	4	6	2	0	0	0	0	0
Labrenzia	14	2	1	0	0	0	0	0	0	0	0	0	0	0	2	0	0	0	0	5	4	0	0	0	0	0	0
Labrys	2765	792	1406	440	0	0	4	5	3	2	1	3	1	19	35	32	0	1	0	1	7	2	1	1	3	5	1
Lachnobacterium	8691	5	4	3	2691	1001	1	0	0	4	1	1	1	10	0	0	0	2	0	4	0	31	1860	461	1046	741	824
Lachnospira	128052	96	28	28	85081	33664	34	66	0	68	21	35	11	20	19	8	1	22	16	2	10	98	8135	145	181	112	151
Lacinutrix	2907	1	0	0	0	0	0	0	0	6	0	1	0	21	2	0	29	2152	228	14	399	53	0	0	1	0	0
Lactobacillus	2685	5	3	8	31	6	1028	514	929	30	1	2	2	2	2	1	1	1	18	0	2	0	41	56	0	2	0
Lactococcus	95	38	0	0	1	0	14	26	4	0	1	0	0	0	0	0	0	0	0	0	0	0	2	2	2	2	3
Lamprocystis	127	0	0	0	0	0	0	0	0	0	0	2	0	26	57	40	0	0	0	0	0	0	0	0	2	0	0
Lampropedia	72	0	4	3	0	0	7	14	10	0	0	17	0	3	6	6	0	0	0	0	0	0	0	0	2	0	0
Laribacter	777	0	1	0	0	0	0	0	0	0	0	0	2	156	302	313	0	1	0	0	0	0	0	1	1	0	0
Lautropia	9496	0	2	7	1	4	7879	52	1220	303	7	6	1	1	0	2	0	1	2	1	0	0	2	0	2	1	2
LCP_6	4750	0	0	0	0	1	0	0	1	0	1	16	22	441	1928	2304	13	1	1	0	0	14	0	1	4	1	1
LE30	58	0	0	0	0	57	0	0	0	0	0	1	0	0	0	0	0	0	0	0	0	0	0	0	0	0	0
Leclercia	27	0	0	0	0	0	1	0	1	0	0	0	0	0	0	0	0	0	0	0	0	0	0	0	7	8	10
Leeuwenhoekiella	5	0	0	0	0	0	0	0	0	0	0	0	3	0	0	0	0	0	0	0	2	0	0	0	0	0	0
Legionella	1879	213	747	16	0	0	9	84	1	0	1	280	96	22	33	38	1	1	0	7	228	91	0	0	4	6	1
Lentibacillus	19	0	0	0	0	0	0	1	0	0	0	0	0	0	0	0	0	0	0	0	7	10	1	0	0	0	0
Lentisphaera	329	0	0	0	0	0	0	0	0	1	0	0	0	0	2	0	21	266	39	0	0	0	0	0	0	0	0
Leptolyngbya	352	0	0	1	0	0	0	0	7	0	0	1	3	170	94	60	2	9	3	1	0	0	1	0	0	0	0
Leptonema	7	0	0	0	0	0	0	0	0	0	0	0	0	0	1	6	0	0	0	0	0	0	0	0	0	0	0
Leptospira	44	0	7	0	0	0	0	0	0	0	0	37	0	0	0	0	0	0	0	0	0	0	0	0	0	0	0
Leptothrix	796	3	0	0	0	0	1	19	0	2	5	373	115	66	93	115	1	2	0	0	0	0	0	1	0	0	0
Leptotrichia	31209	1	3	5	5	6	15084	484	2065	12335	1097	21	15	7	5	4	3	8	28	7	3	3	5	1	7	3	4
Leucobacter	966	5	11	34	0	0	20	17	1	0	9	839	11	8	3	4	1	0	1	0	2	0	0	0	0	0	0
Leuconostoc	408	1	0	0	0	16	127	187	9	1	0	0	0	1	0	0	1	0	1	0	1	0	1	62	0	0	0
Leucothrix	345	6	22	1	1	0	2	26	2	0	0	2	0	3	5	6	1	124	6	3	103	25	1	0	3	3	0
Levilinea	414	0	0	0	0	0	0	0	0	0	0	0	1	47	205	160	1	0	0	0	0	0	0	0	0	0	0
Lewinella	577	0	0	0	0	1	0	0	0	0	0	0	8	3	0	0	0	102	45	66	226	123	1	0	2	0	0
Limnobacter	74	2	17	4	0	1	1	4	0	0	0	9	0	6	11	16	0	1	1	0	1	0	0	0	0	0	0
Limnohabitans	47873	30	81	21	2	6	1	142	6	61	408	31079	13575	432	983	955	10	14	9	13	4	3	2	2	13	5	16
Limnothrix	1	0	0	0	0	0	0	0	0	0	0	0	0	1	0	0	0	0	0	0	0	0	0	0	0	0	0
Listeria	3	1	0	0	0	0	0	0	1	0	0	0	0	0	0	0	0	0	0	0	1	0	0	0	0	0	0
Litincola	280	0	0	0	0	0	0	0	0	0	0	0	0	3	2	0	113	124	37	0	0	0	1	0	0	0	0
Loktanella	10190	2	1	6	1	2	1	3	0	17	1	5	4	44	138	43	5485	3116	1265	3	27	6	6	0	9	3	2
LP2A	2	0	0	0	0	0	0	2	0	0	0	0	0	0	0	0	0	0	0	0	0	0	0	0	0	0	0
Luedemannella	680	114	530	28	0	0	0	1	0	0	0	0	0	0	2	0	0	0	0	0	3	0	0	0	0	2	0
Luteibacter	228	81	75	0	0	0	0	5	3	0	0	0	6	1	22	22	0	0	2	0	8	2	0	0	0	1	0
Luteimonas	1008	321	543	8	0	0	0	73	1	0	1	11	0	5	12	5	0	0	0	1	20	0	0	0	2	3	2
Luteolibacter	101936	85	917	86	5	11	29	56	3	85	537	39991	2450	40863	8180	7809	56	83	117	123	45	22	10	96	232	18	27
Lutibacterium	969	3	19	680	0	0	21	86	30	1	0	0	0	2	0	2	7	1	0	55	54	7	0	0	0	0	1
Lutimonas	1	0	0	0	0	0	0	0	0	0	0	0	0	0	0	0	0	1	0	0	0	0	0	0	0	0	0
Lysinibacillus	1055	552	212	167	0	0	11	26	5	1	1	0	0	2	9	8	0	0	0	0	35	20	1	0	4	1	0
Lysobacter	9223	594	2039	749	0	0	41	275	14	11	72	5053	13	131	73	35	2	6	2	1	16	5	1	0	31	28	31
Macrococcus	55	0	0	0	0	0	44	8	1	0	0	0	2	0	0	0	0	0	0	0	0	0	0	0	0	0	0
Magnetococcus	2	0	0	0	0	0	0	0	0	0	0	1	0	0	0	0	0	1	0	0	0	0	0	0	0	0	0
Magnetospirillum	279	252	8	1	0	0	0	5	2	0	1	0	8	0	1	0	0	0	0	0	0	0	0	0	0	1	0
Malikia	3	0	0	0	0	0	0	0	0	0	0	3	0	0	0	0	0	0	0	0	0	0	0	0	0	0	0
Mannheimia	12	0	0	0	0	0	5	4	3	0	0	0	0	0	0	0	0	0	0	0	0	0	0	0	0	0	0
Maribacter	28	0	0	0	0	0	0	0	0	0	0	0	0	0	0	0	0	21	7	0	0	0	0	0	0	0	0
Maribius	24	0	0	0	0	0	0	2	0	0	0	0	0	0	0	0	0	6	0	12	3	1	0	0	0	0	0
Maricaulis	448	0	0	0	0	0	0	0	0	0	0	0	0	5	1	0	16	416	0	0	4	6	0	0	0	0	0
Marichromatium	44	0	0	0	0	0	0	0	0	0	1	0	0	14	13	6	0	2	0	4	4	0	0	0	0	0	0
Marinibacillus	7	3	3	0	0	0	0	0	0	0	0	0	0	0	0	0	0	0	0	0	0	1	0	0	0	0	0
Marinobacter	329	0	1	0	0	0	0	0	0	3	0	1	0	1	8	7	111	23	32	12	117	13	0	0	0	0	0
Marinobacterium	682	0	0	0	0	0	0	0	0	1	0	0	0	2	3	4	4	71	4	33	237	321	0	0	2	0	0
Marinococcus	360	0	0	0	0	0	1	0	0	1	0	0	0	0	0	0	0	10	347	1	0	0	0	0	0	0	0
Marinomonas	586	3	6	0	0	0	23	14	6	0	0	1	2	4	2	1	9	309	26	16	119	44	0	0	1	0	0
Marinospirillum	1	0	0	0	0	0	0	0	0	0	0	0	0	0	0	0	0	0	0	0	0	0	0	0	0	0	1
Marinovum	30	0	0	0	0	0	0	0	0	0	0	0	0	0	0	0	7	18	3	2	0	0	0	0	0	0	0
Mariprofundus	13359	4	0	1	0	2	1	1	3	2	2	0	0	5	3	2	2	11	5	493	3689	9037	27	3	61	4	1
Marivita	126	0	0	10	0	0	0	0	0	0	0	0	0	0	0	0	0	73	41	1	1	0	0	0	0	0	0
Marmoricola	404	16	228	31	0	0	17	88	16	0	0	0	0	2	0	0	0	0	0	0	3	2	0	0	0	0	1
Martelella	273	154	37	0	0	0	0	0	0	0	0	0	0	0	0	0	0	69	0	1	8	4	0	0	0	0	0
Massilia	14126	711	3972	6371	0	1	583	1612	276	6	6	21	438	14	30	20	1	1	5	4	5	1	1	1	9	21	16
MC18	315588	48941	239547	20195	69	55	77	342	24	45	23	271	33	2287	1139	945	13	34	24	16	267	130	32	20	298	683	78
Mechercharimyces	2	0	0	0	0	0	0	0	0	0	0	1	0	0	0	0	0	0	0	0	0	1	0	0	0	0	0
Megamonas	45	24	6	3	0	0	6	6	0	0	0	0	0	0	0	0	0	0	0	0	0	0	0	0	0	0	0
Melissococcus	3	0	0	0	0	0	1	0	1	1	0	0	0	0	0	0	0	0	0	0	0	0	0	0	0	0	0
Mesonia	43	0	0	0	0	0	0	0	0	0	1	3	0	0	0	0	0	2	37	0	0	0	0	0	0	0	0
Mesorhizobium	753	172	512	12	0	1	2	28	1	0	0	0	0	4	3	5	0	0	0	0	3	5	0	0	1	4	0
Methanobacterium	6505	1	0	0	0	0	0	1	0	2	2	23	25	766	2649	2997	22	5	1	1	1	1	1	3	3	0	1
Methanobrevibacter	3538	0	1	0	27	54	0	0	0	4	0	1	0	28	98	66	0	1	1	0	2	13	1568	1670	2	0	2
Methanocorpusculum	18	11	2	4	0	0	0	0	0	0	0	0	0	1	0	0	0	0	0	0	0	0	0	0	0	0	0
Methanolinea	16	0	0	0	0	0	0	0	0	0	0	0	0	1	8	7	0	0	0	0	0	0	0	0	0	0	0
Methanosaeta	326	0	0	0	0	0	0	0	0	0	0	1	0	12	151	162	0	0	0	0	0	0	0	0	0	0	0
Methanosarcina	114	0	0	0	0	0	0	0	0	0	0	0	0	8	42	61	1	0	0	0	1	1	0	0	0	0	0
Methanosphaera	2	0	0	0	0	0	0	0	0	0	0	0	0	0	0	0	0	0	0	0	1	1	0	0	0	0	0
Methanosphaerula	2	0	0	0	0	0	0	0	0	0	0	0	0	0	2	0	0	0	0	0	0	0	0	0	0	0	0
Methylarcula	12662	5	3	4	3	6	2	1	1	43	11	8	3	38	192	63	6929	427	4892	6	5	2	4	3	6	2	3
Methylibium	62611	1985	8218	2029	8	8	64	269	24	32	44	2407	1568	12527	18212	14823	90	40	26	3	15	9	10	29	103	48	20
Methylobacillus	14	0	0	0	0	0	0	0	0	1	2	1	1	1	2	1	0	0	2	0	0	1	0	0	2	0	0
Methylobacterium	8882	24	312	4225	3	1	349	1789	145	5	2	2	722	11	6	6	10	1244	5	0	3	0	0	2	4	1	11
Methylocaldum	5091	0	4	1	0	2	0	0	0	6	3	7	10	963	2065	1976	12	6	3	1	13	4	1	5	7	2	0
Methylocella	6	0	0	0	0	0	0	1	0	0	0	0	0	0	2	3	0	0	0	0	0	0	0	0	0	0	0
Methylococcus	1324	0	0	0	0	0	0	0	0	1	2	6	3	131	589	563	5	8	0	2	10	2	0	0	2	0	0
Methylocystis	513	0	7	90	0	0	0	0	4	0	0	1	31	101	134	115	2	0	0	1	20	6	0	0	1	0	0
Methylomicrobium	72	0	0	0	0	0	0	0	0	0	0	0	0	4	34	32	0	2	0	0	0	0	0	0	0	0	0
Methylomonas	1864	0	8	8	0	0	0	0	0	4	0	6	7	84	833	715	22	23	76	15	41	20	0	0	1	1	0
Methylophaga	1390	0	2	0	0	0	1	0	0	16	1	2	2	9	17	11	13	551	165	55	406	113	0	1	16	5	4
Methylophilus	165	0	12	0	0	0	71	78	0	0	0	0	0	0	2	1	0	1	0	0	0	0	0	0	0	0	0
Methylopila	269	45	43	56	0	0	4	5	0	0	0	14	0	31	37	13	0	10	4	2	4	0	0	0	1	0	0
Methylosarcina	74	0	0	0	0	0	0	0	0	0	0	0	0	0	0	1	0	0	0	1	61	10	0	0	1	0	0
Methylosinus	5162	97	249	148	0	0	0	266	1	4	3	32	10	1058	1430	1475	9	4	3	20	206	135	1	3	6	2	0
Methylosphaera	23	0	0	0	0	0	0	0	0	0	0	0	0	2	0	1	2	14	0	1	2	1	0	0	0	0	0
Methylotenera	63418	39	242	26	30	7	290	138	75	45	31	137	6068	8241	23863	21743	1361	717	252	5	8	9	5	24	46	10	6
Methyloversatilis	9076	302	710	626	1	5	16	89	61	10	12	595	270	623	2196	2986	24	13	47	34	283	152	1	1	11	7	1
Methylovorus	31	0	0	0	1	0	0	12	0	2	0	1	4	3	5	1	0	0	0	0	0	1	0	1	0	0	0
Microbacterium	1104	57	255	88	0	0	66	82	12	1	7	425	50	3	8	3	5	21	18	1	1	0	0	1	0	0	0
Microbispora	74	42	27	2	0	0	0	0	0	0	0	0	0	0	0	0	0	0	0	0	1	2	0	0	0	0	0
Microbulbifer	82	0	0	0	0	0	0	0	0	15	1	0	0	1	1	0	4	20	3	6	17	13	0	0	1	0	0
Microcella	8532	5	49	54	2	5	14	26	5	3	88	6436	449	18	29	29	142	785	381	3	2	0	0	0	1	0	6
Micrococcus	16876	2	8	0	2	2	3944	12250	576	18	14	12	3	8	3	2	0	10	8	0	3	1	2	2	3	0	3
Microcoleus	16793	40	224	14575	2	4	6	15	0	4	1	3	16	1689	80	5	2	15	5	10	2	1	2	13	10	5	64
Microcystis	20978	0	0	6	0	0	0	0	1	10	173	20714	5	9	13	20	1	0	3	5	1	0	0	1	2	1	13
Microlunatus	1	0	0	0	0	0	0	1	0	0	0	0	0	0	0	0	0	0	0	0	0	0	0	0	0	0	0
Micromonospora	14986	546	2069	11979	2	0	43	61	83	6	1	1	1	8	26	11	0	2	5	12	19	12	6	5	8	13	67
Microscilla	1	0	0	0	0	0	0	0	0	0	0	0	0	0	0	0	1	0	0	0	0	0	0	0	0	0	0
Microtetraspora	5	2	0	1	0	0	0	0	0	0	0	0	0	0	0	0	0	0	0	1	1	0	0	0	0	0	0
Microvirgula	2	0	0	0	0	0	0	0	0	0	0	0	2	0	0	0	0	0	0	0	0	0	0	0	0	0	0
Mitsuaria	159	6	2	30	0	0	0	0	0	1	1	3	1	11	68	34	1	0	0	0	0	0	0	0	0	1	0
Mitsuokella	19525	9	11	8	1	2	4	0	0	3	1	0	2	20	6	2	0	3	3	17	1	48	7	2	7405	5883	6087
ML110J_20	47	0	0	0	0	0	0	0	0	1	0	1	0	1	4	4	16	8	4	2	4	2	0	0	0	0	0
Mobiluncus	152	0	0	0	29	0	105	17	0	0	0	0	0	0	0	0	0	0	0	0	0	0	1	0	0	0	0
Modestobacter	1235	16	235	910	0	0	17	38	8	0	0	1	0	0	0	0	0	0	0	0	3	3	0	1	0	0	3
Mogibacterium	1099	1	0	1	6	1	682	38	46	291	21	2	0	0	0	0	0	0	0	0	0	0	2	6	1	1	0
Moraxella	1548	14	44	0	1	0	352	397	179	0	0	1	0	2	5	2	1	4	15	4	445	80	1	0	0	1	0
Morganella	71558	27	47	34	3	3	9	7	4	45	7	9	3	100	13	7	7	50	29	65	19	233	39	20	27145	19888	23745
Moritella	80	0	0	0	0	0	0	0	0	0	0	0	0	0	1	0	17	25	35	0	0	0	0	1	0	0	1
Moryella	150	0	0	0	3	1	74	0	2	53	2	1	0	0	0	0	0	0	0	0	0	1	4	4	3	2	0
MSBL3	670	0	0	0	0	0	0	0	0	0	4	161	1	64	54	47	5	103	174	24	28	4	0	0	1	0	0
Muricauda	177	0	0	0	0	0	0	0	0	0	0	0	0	0	0	0	0	1	4	27	114	31	0	0	0	0	0
Myceligenerans	6	0	0	6	0	0	0	0	0	0	0	0	0	0	0	0	0	0	0	0	0	0	0	0	0	0	0
Mycetocola	121	1	6	48	0	0	1	1	0	1	0	56	0	0	0	2	1	3	0	0	0	0	0	0	0	0	1
Mycobacterium	32676	8550	6230	1485	2	2	138	2961	61	7	9	110	2884	2107	3790	3749	17	9	8	5	210	217	7	13	77	23	5
Mycoplana	54	3	5	14	0	0	0	2	0	0	0	0	0	7	8	13	0	0	0	0	2	0	0	0	0	0	0
Mycoplana_1	451	2	1	22	0	0	43	0	32	1	0	2	2	3	0	1	0	341	1	0	0	0	0	0	0	0	0
Mycoplasma	788	5	0	0	1	0	745	0	0	19	12	1	0	0	1	0	0	1	1	0	0	0	1	1	0	0	0
Myroides	20	9	0	0	0	0	9	0	0	0	0	0	1	0	0	0	0	0	1	0	0	0	0	0	0	0	0
Myxococcus	223	4	56	162	0	0	0	0	0	0	0	0	0	0	1	0	0	0	0	0	0	0	0	0	0	0	0
Nannocystis	210	3	55	90	0	0	0	5	0	0	0	1	4	43	4	3	0	0	0	0	1	1	0	0	0	0	0
Natronincola	1	0	0	0	0	0	0	0	0	0	0	0	0	0	0	0	0	0	0	0	1	0	0	0	0	0	0
Natronobacillus	6	0	1	0	0	0	1	1	1	0	0	0	0	0	0	0	0	0	0	0	0	2	0	0	0	0	0
Natronococcus	1	0	0	0	0	0	0	0	0	0	0	0	0	0	0	0	0	0	0	0	0	1	0	0	0	0	0
Natronorubrum	1	0	0	0	0	0	0	0	0	0	0	0	0	0	0	0	0	0	0	0	0	1	0	0	0	0	0
Nautella	9	0	0	0	0	0	0	0	0	0	0	0	0	0	0	0	1	7	0	1	0	0	0	0	0	0	0
ND137	97	0	0	0	0	0	0	1	0	0	0	0	0	1	1	1	0	63	7	14	7	1	0	0	0	1	0
Neisseria	579096	16	27	12	35	29	24837	257	3498	546482	2074	117	149	178	88	35	18	87	803	41	31	24	41	33	91	44	49
Neptunomonas	105	0	0	0	0	0	0	0	0	0	0	0	0	3	0	1	2	83	3	4	4	5	0	0	0	0	0
Nereida	4618	0	0	0	0	1	0	1	0	17	0	0	0	19	3	0	61	2692	1814	6	1	0	0	0	2	0	1
Nesterenkonia	376	2	2	0	0	1	298	4	7	51	0	2	0	0	0	0	0	2	3	0	4	0	0	0	0	0	0
Nevskia	3655	3342	150	1	2	1	0	33	0	0	0	3	86	10	6	2	0	0	1	0	3	2	0	0	11	2	0
Niabella	597	128	335	72	0	0	0	6	0	0	0	1	19	18	8	5	0	0	0	0	0	0	0	0	1	4	0
Niastella	1529	552	652	230	1	1	1	1	0	0	0	0	3	15	36	30	0	0	0	0	0	0	0	1	3	3	0
Nitratireductor	18	1	2	12	0	0	0	0	0	0	0	0	0	1	0	0	0	2	0	0	0	0	0	0	0	0	0
Nitrincola	14	0	0	0	0	0	0	0	0	0	0	1	0	0	1	0	0	1	2	1	6	2	0	0	0	0	0
Nitrobacter	55	21	30	1	0	0	0	0	0	0	0	0	0	2	1	0	0	0	0	0	0	0	0	0	0	0	0
Nitrosococcus	17	2	0	9	0	0	0	0	0	0	0	0	0	0	0	0	0	2	0	0	4	0	0	0	0	0	0
Nitrosomonas	435	121	19	227	0	0	0	0	0	1	0	2	2	3	26	20	1	2	0	3	4	3	0	0	0	0	1
Nitrosopumilus	20326	0	1	0	1	1	0	3	9	19	1	4	4	3	4	7	7	193	1510	667	6691	11117	16	3	59	3	3
Nitrosospira	169	21	7	0	0	0	9	16	13	0	4	18	1	5	9	20	2	3	2	11	7	21	0	0	0	0	0
Nitrospina	279	0	0	0	0	0	0	0	0	0	0	0	0	0	0	0	0	8	3	68	88	110	0	0	2	0	0
Nitrospira	1852	159	284	837	0	0	32	4	1	0	0	2	0	18	150	129	2	4	0	56	56	112	1	1	2	1	1
Nocardia	269	143	15	42	0	0	3	30	0	0	0	0	0	0	2	0	0	0	0	0	20	12	0	0	1	0	1
Nocardioides	1217	87	245	453	1	0	70	148	33	1	1	0	1	12	20	24	0	92	0	4	19	3	0	0	1	1	1
Nocardiopsis	64	0	1	9	0	0	13	22	2	0	0	0	0	0	0	0	0	0	0	0	11	6	0	0	0	0	0
Nonomuraea	19	4	5	2	0	0	0	0	0	0	0	1	0	0	0	0	0	0	0	0	2	5	0	0	0	0	0
Nordella	626	71	500	1	0	0	0	23	0	0	0	0	0	13	6	2	0	0	0	0	5	3	0	0	0	2	0
Nostoc	76	0	2	14	0	0	4	3	0	0	1	32	0	1	13	5	0	0	0	0	0	0	0	0	0	0	1
Novispirillum	29	1	7	10	0	0	5	1	0	0	0	0	0	0	0	0	0	4	0	0	1	0	0	0	0	0	0
Novosphingobium	14236	138	804	2270	0	3	163	467	24	5	16	471	7931	603	605	515	8	27	8	17	103	33	2	3	8	9	3
nsmpVI18	44	0	0	0	0	0	0	0	0	0	0	0	0	1	0	0	5	11	2	3	17	5	0	0	0	0	0
Oceanibulbus	96	0	0	0	0	0	0	0	0	0	0	0	0	1	0	0	0	46	2	3	38	6	0	0	0	0	0
Oceanicaulis	69	0	0	0	0	0	0	1	0	0	0	0	0	0	0	0	0	0	0	11	36	20	0	0	0	0	1
Oceanicola	4629	0	0	0	0	0	0	8	0	9	1	0	1	27	2	0	12	3364	1012	36	93	61	0	1	0	1	1
Oceanimonas	7	0	0	0	0	0	0	0	0	0	0	0	0	0	0	0	0	6	1	0	0	0	0	0	0	0	0
Oceanisphaera	1	0	0	0	0	0	0	0	0	0	0	0	0	1	0	0	0	0	0	0	0	0	0	0	0	0	0
Oceanobacillus	56	0	1	0	0	0	4	6	7	0	0	0	0	1	0	0	0	0	0	0	19	18	0	0	0	0	0
Oceanospirillum	9	0	0	0	0	0	0	0	0	0	0	0	0	0	0	1	1	0	0	1	6	0	0	0	0	0	0
Ochrobactrum	124	5	7	18	0	0	12	0	2	0	1	9	2	17	12	33	0	0	0	0	4	1	0	0	0	0	1
Octadecabacter	57	0	1	0	0	0	0	0	0	0	0	0	0	1	1	0	2	40	11	0	1	0	0	0	0	0	0
Odoribacter	17849	3	3	5	3990	13590	9	2	1	2	1	5	2	3	1	2	2	0	2	0	0	1	6	215	3	1	0
Oenococcus	11	0	0	0	0	1	2	7	1	0	0	0	0	0	0	0	0	0	0	0	0	0	0	0	0	0	0
Oerskovia	84	2	8	10	0	0	35	7	14	0	0	1	0	2	0	0	1	0	0	0	3	1	0	0	0	0	0
Oleibacter	430	0	0	0	0	0	0	0	1	0	0	0	1	1	8	4	348	0	1	0	65	1	0	0	0	0	0
Oleispira	61	0	0	0	0	0	0	0	0	0	0	0	0	0	0	0	0	2	59	0	0	0	0	0	0	0	0
Olivibacter	1	0	0	0	0	0	0	0	0	0	0	0	1	0	0	0	0	0	0	0	0	0	0	0	0	0	0
Olleya	688	1	0	0	0	0	0	1	0	7	0	1	0	9	2	2	28	483	77	2	61	10	0	1	2	1	0
Opitutus	6108	2686	1721	1085	1	1	0	19	10	0	0	28	86	177	154	112	1	1	1	1	1	2	0	1	17	3	0
Oribacterium	16927	7	9	1	96	48	1660	160	384	11971	722	193	6	30	12	10	3	10	26	3	3	3	38	552	380	304	296
Ornithinicoccus	98	1	44	3	0	0	7	7	1	1	0	0	1	0	0	0	0	0	0	20	12	1	0	0	0	0	0
Oscillatoria	67	1	0	0	0	0	0	0	0	0	0	0	0	64	1	1	0	0	0	0	0	0	0	0	0	0	0
Oscillochloris	3	0	1	0	0	0	0	0	0	0	0	0	0	0	1	1	0	0	0	0	0	0	0	0	0	0	0
Oscillospira	33848	121	55	58	6802	8183	81	7	2	52	13	14	7	16	5	4	2	8	9	0	3	161	16316	1881	24	8	16
Oxalobacter	1356	249	760	4	1	2	5	32	1	2	0	33	4	61	75	104	1	0	1	1	17	0	1	0	0	2	0
p_75_a5	23	21	1	1	0	0	0	0	0	0	0	0	0	0	0	0	0	0	0	0	0	0	0	0	0	0	0
P30_6	81	0	0	0	0	0	0	0	0	0	0	0	0	0	0	0	0	8	0	17	28	27	0	0	0	1	0
Paenibacillus	1024	185	436	93	0	0	46	61	24	0	0	3	1	5	33	17	0	1	0	1	62	50	0	0	5	1	0
Paludibacter	246	114	22	57	1	2	1	0	0	1	0	0	0	3	17	25	0	2	0	0	0	0	0	0	1	0	0
Pandoraea	530	3	10	9	0	1	0	95	0	1	1	19	1	91	118	109	28	42	0	0	0	0	0	0	2	0	0
Pantoea	19007	15	73	17	1	2	504	156	104	10	3	7	114	40	7	4	0	13	5	26	4	57	10	2	6727	4814	6292
Parabacteroides	180567	100	61	56	26816	78875	169	45	12	451	60	86	6	143	27	28	4	26	13	56	9	309	10632	3533	23397	16798	18855
Parachlamydia	31	6	22	0	0	0	0	0	0	0	0	0	0	0	0	1	0	0	0	0	2	0	0	0	0	0	0
Paracoccus	10325	2	4	7	0	0	261	2052	525	8	2	111	65	2929	2230	2020	11	13	9	8	34	13	0	8	10	1	2
Parascardovia	10	0	0	0	0	0	0	0	8	0	0	0	0	0	0	0	0	0	0	0	0	0	0	2	0	0	0
Parvibaculum	68	28	20	0	0	0	0	0	0	0	0	0	0	1	2	1	0	0	0	0	12	4	0	0	0	0	0
Pasteurella	57	0	0	0	0	0	21	27	5	2	1	0	0	0	0	1	0	0	0	0	0	0	0	0	0	0	0
Pasteuria	1	0	0	0	0	0	0	0	0	0	0	0	0	0	0	1	0	0	0	0	0	0	0	0	0	0	0
Patulibacter	90	0	5	47	0	0	1	34	2	0	0	0	0	0	0	0	0	0	0	0	1	0	0	0	0	0	0
Paucibacter	679	12	9	3	0	0	0	4	1	0	0	27	2	31	412	177	1	0	0	0	0	0	0	0	0	0	0
Paucimonas	14	0	4	9	0	0	0	0	0	0	0	1	0	0	0	0	0	0	0	0	0	0	0	0	0	0	0
Pedobacter	3246	1946	833	137	0	0	75	166	24	0	0	23	11	3	1	0	0	0	1	1	1	3	2	0	14	5	0
Pedomicrobium	5297	847	3525	78	3	2	1	20	15	2	0	1	0	174	294	285	4	3	0	2	21	7	0	0	2	10	1
Pelagibaca	67	0	0	2	0	0	0	1	0	0	0	0	0	1	2	1	55	1	4	0	0	0	0	0	0	0	0
Pelagicoccus	42	0	0	0	0	0	0	0	0	1	0	0	0	0	0	0	3	0	2	32	3	1	0	0	0	0	0
Pelistega	1	0	0	0	0	0	0	0	0	0	0	1	0	0	0	0	0	0	0	0	0	0	0	0	0	0	0
Pelobacter	5344	0	9	2	0	0	0	1	1	2	0	2	2	49	89	175	2	3	3	140	1398	3419	10	3	33	1	0
Pelodictyon	3	0	0	0	0	0	0	0	0	0	0	0	3	0	0	0	0	0	0	0	0	0	0	0	0	0	0
Pelotomaculum	5	0	0	0	0	0	0	0	0	0	0	0	0	1	1	1	0	0	0	1	1	0	0	0	0	0	0
Peptococcus	544	0	0	0	89	2	128	11	183	119	7	1	0	0	1	0	0	0	2	0	0	0	0	0	0	0	1
Peptoniphilus	12829	1	0	0	6052	97	3381	2825	273	10	4	2	2	2	3	2	1	0	3	0	1	1	136	28	1	1	3
Peptostreptococcus	2404	0	0	0	443	4	1244	61	9	599	33	2	2	0	0	0	0	0	1	0	0	0	1	3	1	0	1
Persicobacter	7	0	0	0	0	0	0	0	0	0	0	0	0	0	0	0	0	0	7	0	0	0	0	0	0	0	0
Phaeobacter	14	0	0	0	0	0	0	0	0	0	0	0	0	0	0	0	0	6	3	0	4	1	0	0	0	0	0
Phaeospirillum	9	7	0	1	0	0	0	0	0	0	0	1	0	0	0	0	0	0	0	0	0	0	0	0	0	0	0
Phascolarctobacterium	19508	3	5	1	13356	10	1	1	0	21	1	7	1	17	1	3	0	4	6	0	1	35	4601	1420	5	3	5
Phenylobacterium	26683	3431	3357	4011	6	1	16	127	40	12	56	3679	10354	215	329	319	4	659	3	4	9	10	1	3	18	9	10
Phormidium	344	0	6	323	0	0	0	0	2	0	0	1	1	8	2	0	0	0	0	0	0	0	0	0	0	0	1
Photobacterium	1197	0	0	0	0	0	712	46	0	0	0	0	1	5	4	3	43	294	43	1	41	3	0	0	0	1	0
Photorhabdus	31	0	0	0	0	0	0	0	0	0	0	0	0	0	0	0	0	1	1	0	0	0	0	0	13	4	12
Phycicoccus	1471	15	966	152	0	0	22	55	31	2	0	5	12	34	72	85	2	0	0	0	10	2	0	0	1	3	2
Phyllobacterium	104	17	48	0	0	0	0	21	6	0	0	0	3	2	0	0	1	5	0	0	1	0	0	0	0	0	0
Pigmentiphaga	263	0	5	6	0	0	3	65	18	0	0	46	7	2	1	0	0	101	7	0	1	1	0	0	0	0	0
Pilimelia	5	0	5	0	0	0	0	0	0	0	0	0	0	0	0	0	0	0	0	0	0	0	0	0	0	0	0
Pimelobacter	1540	88	359	944	1	0	20	58	32	0	0	0	0	5	0	3	0	7	0	1	15	0	0	1	1	2	3
Pirellula	3596	1197	1424	317	0	2	0	0	0	1	0	1	3	301	178	155	1	0	0	0	0	0	2	0	9	5	0
Piscirickettsia	2	0	0	0	0	0	0	0	0	0	0	0	0	0	0	0	2	0	0	0	0	0	0	0	0	0	0
Planctomyces	13276	2737	3172	452	2	4	6	150	1	6	3	124	42	2510	1147	1235	11	27	38	226	1124	209	3	3	25	15	4
Planifilum	13	0	0	0	0	0	7	4	0	0	0	0	0	0	0	0	0	0	0	0	0	1	0	0	1	0	0
Planktothricoides	3	0	0	0	0	0	0	0	0	0	0	0	0	2	1	0	0	0	0	0	0	0	0	0	0	0	0
Planktothrix	9	0	0	0	0	0	0	0	0	0	0	0	0	3	0	6	0	0	0	0	0	0	0	0	0	0	0
Planococcus	7	1	2	1	0	0	0	2	1	0	0	0	0	0	0	0	0	0	0	0	0	0	0	0	0	0	0
Planomicrobium	177	2	2	0	0	0	39	36	81	0	0	1	0	0	0	0	0	0	0	1	9	6	0	0	0	0	0
Plantibacter	19	0	1	8	0	0	1	0	0	1	0	7	0	0	0	0	0	0	0	0	1	0	0	0	0	0	0
Pleomorphomonas	55	0	3	42	0	0	0	8	0	0	0	0	0	0	0	0	0	0	0	0	1	1	0	0	0	0	0
Plesiocystis	437	50	76	113	0	0	0	0	0	0	0	0	0	0	1	0	0	76	1	18	72	30	0	0	0	0	0
Plesiomonas	28	0	2	0	0	0	2	2	0	0	0	0	1	3	1	3	0	0	10	0	0	0	0	0	2	0	2
Polaribacter	158083	6	3	7	7	11	5	46	10	84	17	19	8	955	68	15	225	152878	3547	11	35	19	14	9	47	26	11
Polaromonas	9788	36	328	1	0	0	93	148	40	4	11	564	8236	134	65	106	1	4	3	0	3	1	1	2	4	3	0
Polynucleobacter	52072	20	68	23	4	4	0	8	2	38	275	21807	29188	271	76	182	4	43	7	4	2	5	8	3	14	3	13
Pontibacillus	1	0	0	0	0	0	1	0	0	0	0	0	0	0	0	0	0	0	0	0	0	0	0	0	0	0	0
Pontibacter	225	9	9	17	0	0	30	60	63	0	1	2	1	0	0	0	0	0	0	0	27	5	0	0	0	0	1
Porphyromonas	44075	3	3	8	22379	620	7010	910	780	10870	1223	20	8	12	6	6	2	4	32	4	3	0	146	10	10	1	5
Prauserella	252	27	144	44	0	0	16	12	6	0	0	0	0	1	0	1	0	0	0	0	1	0	0	0	0	0	0
Prevotella	325221	2347	600	858	4081	363	33764	1461	9311	174773	9749	936	74	222	87	92	32	88	393	124	48	248	185	60	31335	26638	27352
Procabacter	14	0	2	12	0	0	0	0	0	0	0	0	0	0	0	0	0	0	0	0	0	0	0	0	0	0	0
Prochlorococcus	232327	16	17	15	18	27	13	21	28	678	96	801	47583	3667	6219	2309	90934	4072	75245	156	31	30	42	46	165	43	55
Prochlorothrix	1	0	0	0	0	0	0	0	0	0	0	0	1	0	0	0	0	0	0	0	0	0	0	0	0	0	0
Promicromonospora	8	0	0	4	0	0	3	0	0	0	0	0	0	0	0	0	0	0	0	0	1	0	0	0	0	0	0
Propionibacterium	584	10	0	0	0	0	257	293	20	1	2	1	0	0	0	0	0	0	0	0	0	0	0	0	0	0	0
Propionicimonas	399	15	362	8	0	0	2	1	3	0	0	2	0	2	3	1	0	0	0	0	0	0	0	0	0	0	0
Propionigenium	456	0	0	0	0	0	0	0	1	1	0	0	0	6	0	0	0	375	67	0	6	0	0	0	0	0	0
Prosthecobacter	3751	2	264	27	0	2	1	19	9	1	4	72	608	2360	207	124	0	18	1	0	0	2	1	9	18	2	0
Proteus	11503	14	11	16	1	3	1	0	0	6	3	3	1	32	3	2	1	5	2	18	1	29	4	3	4111	3307	3926
Providencia	384205	185	253	162	14	32	15	7	5	118	55	41	31	544	54	33	11	86	65	326	17	1123	167	72	141771	114624	124394
PSB_M_3	9	0	0	0	0	0	0	0	0	0	0	0	0	3	2	4	0	0	0	0	0	0	0	0	0	0	0
Pseudaminobacter	11	11	0	0	0	0	0	0	0	0	0	0	0	0	0	0	0	0	0	0	0	0	0	0	0	0	0
Pseudanabaena	16595	0	19	3	0	4	5	1	2	17	154	15452	88	228	431	153	8	4	3	5	2	2	1	2	3	1	7
Pseudidiomarina	10	0	0	0	0	0	0	0	0	0	0	0	0	0	0	0	3	4	1	0	2	0	0	0	0	0	0
Pseudoalteromonas	1345	1	0	0	0	0	29	0	13	4	0	0	0	2	12	2	272	446	478	11	33	38	0	0	2	2	0
Pseudobutyrivibrio	158	41	3	15	85	9	0	0	0	0	0	0	0	0	0	0	0	0	0	0	0	0	1	0	1	1	2
Pseudochrobactrum	61	4	10	0	0	0	33	4	0	0	0	0	3	3	0	3	0	1	0	0	0	0	0	0	0	0	0
Pseudoclavibacter	460	8	70	54	0	0	32	120	3	27	1	120	11	5	5	0	0	2	0	0	1	0	1	0	0	0	0
Pseudomonas	28103	1722	5178	141	40	23	7032	8974	1957	44	12	60	620	54	86	60	66	921	619	19	125	249	4	2	40	39	16
Pseudonocardia	8157	284	1332	5576	2	2	54	727	82	15	0	3	2	4	3	7	2	0	0	2	24	13	2	0	6	4	11
Pseudoruegeria	564	0	0	0	0	0	0	0	0	3	1	1	0	2	7	0	161	182	196	6	3	1	0	0	1	0	0
Pseudovibrio	3	0	0	0	0	0	0	0	0	0	0	0	0	0	0	0	1	0	2	0	0	0	0	0	0	0	0
Pseudoxanthomonas	610	8	40	57	0	0	97	339	22	1	0	3	10	0	0	0	13	16	1	0	1	0	0	0	1	1	0
Psychrobacter	5552	0	4	1	0	1	382	1541	179	34	3	1	1	17	4	1	0	1495	1880	2	3	0	0	0	1	0	2
Psychroflexus	31	0	0	0	0	0	0	0	2	0	0	2	0	0	0	0	0	1	22	0	4	0	0	0	0	0	0
Psychromonas	2574	1	2	0	0	1	0	1	0	2	1	6	3	74	655	638	21	999	47	13	68	41	0	1	0	0	0
Psychroserpens	1214	0	0	0	1	0	0	0	0	2	0	1	1	8	1	1	22	1042	91	22	17	3	1	0	0	0	1
Pullulanibacillus	3	0	0	0	0	0	0	0	0	0	0	0	0	0	0	0	0	0	0	0	1	2	0	0	0	0	0
Pyramidobacter	56	0	0	0	56	0	0	0	0	0	0	0	0	0	0	0	0	0	0	0	0	0	0	0	0	0	0
Rahnella	31	0	2	0	0	0	3	11	2	1	0	0	0	1	0	1	0	0	0	0	0	0	1	0	3	3	3
Ralstonia	880	8	5	1	0	0	2	8	0	3	0	1	1	4	15	5	457	12	355	1	0	1	0	0	0	1	0
Ramlibacter	2012	134	825	824	0	3	3	14	5	1	3	75	14	23	52	17	1	1	0	0	0	1	0	0	4	8	4
Raoultella	156	0	0	0	0	0	4	0	0	0	0	0	0	1	0	0	1	2	1	0	1	1	0	0	55	37	53
Rapidithrix	1	0	0	0	0	0	0	0	0	0	0	0	0	0	0	0	0	0	0	0	0	1	0	0	0	0	0
Rarobacter	3	0	1	0	0	0	1	0	0	0	0	0	1	0	0	0	0	0	0	0	0	0	0	0	0	0	0
Rathayibacter	325	1	8	225	0	0	0	0	0	1	4	84	0	0	0	1	0	0	0	0	0	0	0	1	0	0	0
Reinekea	1088	2	3	0	0	0	3	4	1	23	4	2	0	11	14	4	77	332	503	10	38	33	0	0	10	6	8
Renibacterium	147	0	37	13	0	0	14	56	17	1	0	1	1	0	2	3	0	0	0	0	1	0	0	0	1	0	0
RFN20	299	167	31	96	0	2	0	0	0	0	0	0	0	0	1	0	0	0	0	0	0	0	0	0	1	0	1
Rheinheimera	670	0	0	2	0	0	41	89	2	3	7	358	39	3	2	3	0	7	5	15	18	15	1	0	28	13	19
Rhizobium	9260	1545	3083	355	0	1	103	1278	100	2	1	51	20	533	526	390	148	897	4	7	164	14	3	4	16	12	3
Rhodanobacter	1185	1127	7	0	0	1	2	34	0	0	0	3	0	2	1	0	0	1	0	0	1	0	0	0	6	0	0
Rhodobaca	186	0	0	21	0	0	0	3	5	1	0	0	0	1	4	2	39	29	76	1	1	0	0	1	1	1	0
Rhodobacter	5630	19	29	3	0	0	62	24	4	2	20	1373	709	1186	1361	810	5	7	6	1	2	2	1	0	4	0	0
Rhodobium	462	2	29	154	0	0	0	1	0	0	0	0	0	1	1	1	0	0	1	23	161	87	0	0	1	0	0
Rhodococcus	1518	4	196	13	0	0	317	791	59	3	1	0	62	1	3	3	1	12	0	1	29	19	0	0	0	1	2
Rhodocyclus	1383	5	38	3	3	2	27	5	6	4	0	19	24	159	635	427	11	4	2	2	0	2	1	2	2	0	0
Rhodoferax	9938	41	374	17	1	0	42	381	4	12	69	5675	1743	416	596	532	5	2	4	5	0	1	1	4	4	4	5
Rhodomicrobium	2656	31	53	70	0	1	1	0	0	0	0	4	5	469	1085	929	3	1	0	0	0	0	0	2	2	0	0
Rhodopirellula	14438	7	77	167	2	3	2	9	3	61	13	170	1507	3237	748	693	693	2956	3713	200	85	45	2	13	27	3	2
Rhodoplanes	52105	18779	24019	2836	14	7	22	308	25	17	8	212	40	1191	2159	2009	16	9	6	4	137	119	6	10	76	64	12
Rhodopseudomonas	1249	160	696	4	0	0	7	56	7	0	0	2	20	54	139	95	0	2	1	0	0	0	0	1	1	4	0
Rhodospirillum	181	97	57	16	0	0	0	0	0	0	0	1	1	0	0	1	2	5	1	0	0	0	0	0	0	0	0
Rhodothalassium	14	0	0	0	0	0	0	0	0	0	0	0	0	0	0	0	0	0	0	1	12	1	0	0	0	0	0
Rhodovibrio	1550	0	0	11	1	0	0	1	1	0	0	0	0	1	0	0	1	2	0	20	499	1003	4	0	5	0	1
Rhodovulum	93	1	2	7	0	0	1	0	0	1	0	0	0	2	1	0	5	48	7	1	13	4	0	0	0	0	0
Rickettsia	202	15	25	15	0	0	0	15	0	2	0	42	72	7	4	5	0	0	0	0	0	0	0	0	0	0	0
Rickettsiella	340	300	1	1	0	0	0	1	1	0	0	0	0	6	9	2	0	0	2	0	2	14	0	0	1	0	0
Riemerella	1	0	0	0	0	0	0	0	0	0	0	0	0	0	0	0	0	0	1	0	0	0	0	0	0	0	0
Robiginitalea	173	0	0	0	0	0	0	0	0	0	0	0	0	0	0	0	0	22	3	4	125	19	0	0	0	0	0
Roseateles	3202	95	177	12	4	0	3	116	1	2	29	1561	118	163	475	429	10	1	1	0	0	1	0	1	1	2	0
Roseburia	179176	113	39	61	33522	33057	61	298	31	171	35	38	12	106	16	20	8	17	22	30	14	683	62310	9626	15470	10220	13196
Roseivirga	30	10	1	6	0	0	0	1	0	0	0	0	0	0	0	0	0	3	2	0	7	0	0	0	0	0	0
Roseivivax	33	0	0	0	0	0	0	0	0	0	0	0	0	0	1	0	24	1	7	0	0	0	0	0	0	0	0
Roseobacter	28	0	0	0	0	0	0	0	0	0	0	0	0	0	0	0	2	23	3	0	0	0	0	0	0	0	0
Roseococcus	270	10	11	6	0	0	0	2	0	0	1	27	11	65	80	55	2	0	0	0	0	0	0	0	0	0	0
Roseomonas	9275	42	295	4059	0	1	182	1173	125	4	49	2510	36	383	202	187	1	2	0	2	2	2	1	3	3	3	8
Roseovarius	194	0	0	0	0	0	0	0	0	0	0	1	0	51	15	8	1	111	6	0	0	0	0	0	0	0	1
Rothia	132850	9	28	17	20	23	16557	652	2912	109399	1684	841	32	90	37	83	11	38	191	22	34	14	24	21	48	45	18
Rubellimicrobium	3912	11	76	3387	0	0	58	293	68	1	1	0	0	0	0	0	1	1	1	1	1	0	1	1	1	1	8
Rubritalea	23	0	0	0	0	0	0	0	0	0	0	0	0	1	0	0	0	10	6	5	1	0	0	0	0	0	0
Rubrivivax	1451	46	55	16	0	0	0	1	1	0	11	791	39	85	197	206	0	0	0	0	0	1	1	0	0	0	1
Rubrobacter	11435	77	192	11015	4	0	13	19	20	2	0	1	0	3	2	1	1	0	4	10	18	9	4	2	2	4	32
Ruegeria	7636	1	0	0	0	0	0	1	1	4	0	1	0	53	13	6	277	7001	266	5	3	0	0	0	2	2	0
Ruminococcus	330948	185	156	179	10052	2886	80	103	11	135	32	47	12	469	41	28	5	42	47	293	22	932	26839	22820	92874	66877	105781
Ruminococcus_1	130596	136	46	94	20911	20639	13	173	9	197	20	24	10	126	27	13	3	8	12	0	12	676	73308	13993	87	21	38
Rummeliibacillus	8	1	1	2	0	0	0	2	0	0	0	0	0	0	0	0	0	0	0	0	0	2	0	0	0	0	0
Runella	253	0	2	0	0	0	0	0	0	1	0	2	10	182	35	19	0	0	0	0	0	0	0	0	2	0	0
SA_8	378	0	0	0	0	0	0	0	0	1	0	5	2	30	173	165	2	0	0	0	0	0	0	0	0	0	0
Saccharomonospora	35	1	2	1	0	0	0	0	5	0	0	6	0	0	0	0	0	1	0	0	7	12	0	0	0	0	0
Saccharophagus	31	0	0	0	0	0	0	0	0	0	0	0	0	0	0	0	0	29	0	0	2	0	0	0	0	0	0
Saccharopolyspora	176	35	61	43	0	0	11	2	7	0	0	0	0	0	1	0	0	0	0	0	12	4	0	0	0	0	0
Saccharospirillum	1	0	0	0	0	0	0	0	0	0	0	0	0	0	0	0	0	0	0	0	1	0	0	0	0	0	0
Saccharothrix	324	36	7	275	0	0	0	5	0	0	0	0	0	0	0	0	0	0	0	0	1	0	0	0	0	0	0
Sagittula	10	0	0	0	0	0	0	0	0	0	0	0	0	0	1	0	2	4	3	0	0	0	0	0	0	0	0
SAGMEG_1	44	0	0	0	0	0	0	0	0	0	0	0	0	8	19	17	0	0	0	0	0	0	0	0	0	0	0
Salegentibacter	312	0	0	0	1	0	0	0	1	3	0	4	0	0	0	0	0	2	300	1	0	0	0	0	0	0	0
Salinicoccus	1763	0	0	0	0	1	393	400	481	2	1	2	0	1	0	0	0	4	470	1	6	1	0	0	0	0	0
Salinimicrobium	80	0	0	0	0	0	0	0	0	0	0	2	0	0	0	0	0	1	74	0	2	1	0	0	0	0	0
Salinimonas	8331	1	0	0	0	1	0	6	0	15	1	1	0	38	9	1	108	7521	594	3	10	2	1	1	7	4	7
Salinisphaera	275	0	0	0	0	0	0	0	0	3	0	0	0	0	0	0	0	2	270	0	0	0	0	0	0	0	0
Salinispora	469	121	128	209	0	0	2	1	0	0	0	0	0	2	0	0	0	1	0	1	2	0	1	0	0	0	1
Salinivibrio	38	0	0	0	0	0	0	2	0	0	0	0	0	1	0	0	0	21	6	0	6	0	0	0	1	1	0
Salisaeta	6	0	0	0	0	0	0	0	0	0	0	0	0	0	0	0	0	2	0	3	1	0	0	0	0	0	0
Sandarakinotalea	1	0	0	0	0	0	0	0	0	0	0	0	0	0	0	0	0	0	1	0	0	0	0	0	0	0	0
Sanguibacter	3	0	0	3	0	0	0	0	0	0	0	0	0	0	0	0	0	0	0	0	0	0	0	0	0	0	0
Sarcina	48	0	0	0	1	4	10	0	2	0	0	0	0	0	0	0	0	0	0	0	4	1	0	3	10	7	6
SargSea_WGS	1334	0	0	0	0	0	0	0	0	5	2	0	0	0	1	0	16	11	1291	6	0	0	0	0	1	1	0
Scardovia	528	0	0	0	0	0	64	3	450	4	1	2	0	0	1	0	1	0	0	1	0	0	0	0	1	0	0
Schlegelella	5483	6	147	367	2	1	0	3194	15	5	6	371	986	71	141	143	1	15	0	0	3	4	4	0	1	0	0
Sedimentibacter	13	0	0	0	0	0	0	0	0	0	0	0	0	0	0	0	0	0	0	0	6	7	0	0	0	0	0
Sediminibacillus	4	0	0	0	0	0	0	4	0	0	0	0	0	0	0	0	0	0	0	0	0	0	0	0	0	0	0
Sediminibacterium	102	9	14	55	0	1	0	1	0	0	0	1	6	1	5	1	1	0	0	0	3	1	0	1	0	0	2
Sediminicola	7874	1	0	0	1	1	0	3	1	7	3	0	1	37	3	0	221	6433	1154	2	2	2	0	0	0	2	0
Segetibacter	11413	132	860	9494	1	0	9	374	206	2	0	1	7	72	98	108	1	0	1	4	15	6	0	3	0	6	13
Segniliparus	9	9	0	0	0	0	0	0	0	0	0	0	0	0	0	0	0	0	0	0	0	0	0	0	0	0	0
Sejongia	142	0	3	0	0	0	29	4	96	0	0	5	0	0	0	1	1	2	1	0	0	0	0	0	0	0	0
Selenomonas	5924	0	0	0	0	0	2858	47	2462	396	140	6	0	1	0	0	2	3	2	1	0	2	0	1	2	1	0
Serinicoccus	164	0	0	1	0	0	16	51	8	76	1	0	0	0	0	1	0	0	2	0	5	1	0	0	0	0	2
Serratia	2547	41	60	15	33	62	169	452	36	4	2	3	11	33	4	2	8	214	642	2	8	2	18	549	77	48	52
SGSH944	8405	0	1	0	0	2	0	4	0	71	5	0	0	11	7	2	6	1167	7102	19	4	0	0	0	1	2	1
SGUS388	245	0	0	0	0	0	0	0	0	1	1	0	0	0	0	0	1	159	82	0	1	0	0	0	0	0	0
Sharpea	22	0	0	0	0	0	19	1	0	2	0	0	0	0	0	0	0	0	0	0	0	0	0	0	0	0	0
SHD_14	83	0	0	0	0	0	0	0	0	0	0	1	0	6	47	29	0	0	0	0	0	0	0	0	0	0	0
Shewanella	403	3	3	0	0	0	2	9	20	3	0	3	4	12	20	13	7	258	22	1	15	4	0	1	2	1	0
Shimazuella	40	6	11	5	0	0	0	6	9	0	0	0	0	0	0	0	0	0	0	0	1	2	0	0	0	0	0
Shimia	10	0	0	0	0	0	0	0	0	0	0	0	0	0	0	0	1	8	1	0	0	0	0	0	0	0	0
Shinella	623	39	56	227	1	0	20	104	11	0	2	0	0	5	4	6	0	14	1	6	112	15	0	0	0	0	0
Shuttleworthia	111	0	0	0	3	0	74	0	10	1	0	0	0	0	0	0	0	0	0	0	0	0	3	12	2	5	1
Simidua	8	0	0	0	0	0	0	0	0	0	0	0	0	0	0	0	0	4	3	0	1	0	0	0	0	0	0
Simonsiella	651	0	0	3	1	0	410	1	1	206	18	2	0	1	3	0	0	0	4	0	0	0	0	0	0	0	1
Simplicispira	1174	36	12	0	0	0	0	6	0	1	4	101	62	143	416	380	4	3	0	0	0	0	0	0	5	1	0
Singulisphaera	237	183	50	0	1	0	0	0	0	0	0	0	0	2	0	0	0	0	0	0	0	0	0	0	1	0	0
Sinomonas	605	1	1	2	0	0	584	6	7	3	0	1	0	0	0	0	0	0	0	0	0	0	0	0	0	0	0
Sinorhizobium	23	1	2	1	0	0	1	0	0	0	0	0	1	4	7	3	0	0	0	1	0	1	0	0	1	0	0
SJA_88	1031	1	0	0	0	0	0	0	0	0	1	1	2	81	490	447	4	0	0	2	1	0	0	0	1	0	0
Skermanella	1042	4	249	298	0	0	87	296	87	0	1	2	3	1	0	1	0	0	1	2	4	4	0	0	0	1	1
Skermania	2	2	0	0	0	0	0	0	0	0	0	0	0	0	0	0	0	0	0	0	0	0	0	0	0	0	0
Slackia	2	1	0	0	0	0	1	0	0	0	0	0	0	0	0	0	0	0	0	0	0	0	0	0	0	0	0
Snowella	4	0	0	0	0	0	0	0	0	0	0	0	4	0	0	0	0	0	0	0	0	0	0	0	0	0	0
Sodalis	4	0	0	0	0	0	0	0	0	0	0	0	0	0	0	0	0	0	0	0	1	0	0	0	2	1	0
Solibacillus	244	154	24	45	0	0	7	0	1	1	0	0	0	1	0	0	0	0	0	0	6	4	0	0	0	0	1
Solimonas	151	89	47	0	0	0	0	4	0	0	0	1	0	1	0	0	0	0	0	0	4	4	0	0	1	0	0
Solirubrobacter	87	2	5	79	0	0	0	0	0	0	0	0	0	0	0	0	0	0	0	0	1	0	0	0	0	0	0
Sorangium	269	1	6	259	0	0	0	0	0	0	0	0	0	0	0	0	0	0	0	0	2	0	0	0	1	0	0
Sphaerisporangium	110	18	65	18	0	0	0	0	0	0	0	0	0	0	0	0	0	0	0	0	5	4	0	0	0	0	0
Sphaerotilus	2213	525	1155	1	1	0	26	69	15	1	1	84	117	36	88	73	2	5	3	0	1	0	0	0	7	3	0
Sphingobacterium	1304	735	54	15	6	20	277	137	16	5	0	2	17	2	0	0	0	1	1	0	0	0	0	1	11	2	2
Sphingobium	720	44	227	139	0	0	87	125	3	1	0	16	11	11	9	2	0	2	0	1	33	5	0	0	2	1	1
Sphingomonas	75872	3992	11177	23807	19	9	1164	7077	556	42	15	49	1065	428	185	107	195	25048	524	24	54	118	11	7	43	47	109
Sphingopyxis	494	14	16	73	0	0	65	299	9	0	0	3	0	0	0	0	0	12	1	0	1	1	0	0	0	0	0
Sphingosinicella	8214	100	220	7777	0	2	12	61	3	0	0	0	0	0	4	3	0	0	2	1	2	0	2	1	3	3	18
Spirochaeta	1512	36	19	0	0	1	0	0	1	0	1	0	4	8	3	13	0	3	5	129	651	619	2	0	12	3	2
Spiroplasma	5	5	0	0	0	0	0	0	0	0	0	0	0	0	0	0	0	0	0	0	0	0	0	0	0	0	0
Spirosoma	2054	5	104	1496	2	0	31	201	36	1	1	0	165	0	2	1	0	0	0	1	0	0	1	0	1	0	6
Spirulina	15	0	1	14	0	0	0	0	0	0	0	0	0	0	0	0	0	0	0	0	0	0	0	0	0	0	0
Spongiibacter	1565	2	7	1	0	0	2	0	0	1	0	1	0	5	8	7	22	116	110	36	594	643	1	0	6	1	2
Sporanaerobacter	3	0	0	0	0	0	0	0	0	0	0	0	0	0	0	0	0	0	0	0	1	2	0	0	0	0	0
Sporichthya	806	106	219	232	0	0	1	0	0	0	0	7	1	72	80	82	3	0	0	0	0	0	0	1	0	1	1
Sporocytophaga	278	0	8	270	0	0	0	0	0	0	0	0	0	0	0	0	0	0	0	0	0	0	0	0	0	0	0
Sporolactobacillus	15	1	0	0	0	0	2	3	0	0	0	0	0	0	0	0	0	0	0	0	0	0	0	0	6	1	2
Sporosarcina	377	34	72	12	0	0	29	62	72	0	0	0	0	0	3	4	0	1	2	1	42	43	0	0	0	0	0
Sporotalea	2	0	0	0	0	0	0	0	0	0	0	0	0	0	0	2	0	0	0	0	0	0	0	0	0	0	0
Staphylococcus	39122	5	10	3	10	8	15686	17234	5980	41	17	24	8	12	15	7	1	10	12	4	5	6	2	5	8	3	6
Stenotrophomonas	2503	426	1157	19	2	1	152	620	60	2	1	8	27	0	3	1	2	2	6	1	0	0	1	1	2	8	1
Stenoxybacter	40	0	0	0	0	0	1	0	10	2	27	0	0	0	0	0	0	0	0	0	0	0	0	0	0	0	0
Steroidobacter	9918	2463	1500	5755	1	1	3	79	30	0	1	1	1	8	13	5	0	1	1	4	13	8	2	0	9	5	14
Stigmatella	2816	272	1064	1350	0	1	2	42	0	0	0	1	0	7	37	31	0	0	1	0	2	0	2	0	3	1	0
Streptacidiphilus	4	2	0	0	0	0	0	0	0	0	0	0	0	0	0	0	0	0	0	0	1	0	0	0	0	1	0
Streptobacillus	126	0	0	0	0	0	0	123	3	0	0	0	0	0	0	0	0	0	0	0	0	0	0	0	0	0	0
Streptococcus	453882	128	155	101	1250	417	227028	14539	28450	64359	4434	1816	54	397	152	127	46	140	223	161	85	326	490	1765	37392	29431	40416
Streptomonospora	3	0	0	0	0	0	3	0	0	0	0	0	0	0	0	0	0	0	0	0	0	0	0	0	0	0	0
Streptomyces	2	1	1	0	0	0	0	0	0	0	0	0	0	0	0	0	0	0	0	0	0	0	0	0	0	0	0
Streptomyces_1	4262	1830	371	1380	1	1	43	57	27	6	0	2	6	55	81	138	1	1	1	0	165	75	0	1	12	1	7
Streptosporangium	161	12	36	88	0	0	0	3	1	1	0	0	0	2	4	5	0	0	0	0	1	8	0	0	0	0	0
Subdoligranulum	2	0	0	0	0	0	0	0	0	0	0	0	0	0	0	0	0	0	0	0	0	0	1	1	0	0	0
Subtercola	67	0	31	3	0	0	1	1	2	0	0	4	1	2	9	7	2	2	1	0	0	0	0	0	0	1	0
Sufflavibacter	17	0	0	0	0	0	0	0	0	1	0	0	1	0	0	0	0	1	13	0	1	0	0	0	0	0	0
Sulfitobacter	291	0	0	0	0	0	0	0	0	0	0	0	0	0	0	0	9	130	21	13	97	21	0	0	0	0	0
Sulfolobus	1	0	0	0	0	0	0	1	0	0	0	0	0	0	0	0	0	0	0	0	0	0	0	0	0	0	0
Sulfuricurvum	206	0	0	0	0	0	0	0	0	1	0	0	2	10	87	106	0	0	0	0	0	0	0	0	0	0	0
Sulfurimonas	691	0	0	0	0	0	0	0	0	3	0	0	0	8	6	2	35	124	7	134	189	182	0	0	0	0	1
Sulfurospirillum	22	0	0	0	0	0	0	0	0	0	0	0	0	1	1	1	0	19	0	0	0	0	0	0	0	0	0
Sulfurovum	206	0	0	0	0	0	0	0	0	0	0	0	0	2	0	0	1	157	4	4	11	27	0	0	0	0	0
Sutterella	981	283	124	115	13	74	1	62	1	1	3	32	23	54	83	84	8	13	0	0	0	0	3	1	3	0	0
Symbiobacterium	1	0	0	0	0	0	0	0	0	0	0	0	0	0	0	0	0	0	0	0	1	0	0	0	0	0	0
Symploca	30	0	0	11	0	0	0	0	0	0	0	2	0	16	1	0	0	0	0	0	0	0	0	0	0	0	0
Synechococcus	3	0	0	0	0	0	0	0	0	0	0	0	0	0	0	0	0	0	1	2	0	0	0	0	0	0	0
Syntrophobacter	14054	1	1	0	2	0	1	0	0	2	11	16	23	1487	6821	5625	37	1	2	1	2	2	1	5	11	1	1
Syntrophomonas	236	0	0	0	0	0	0	0	0	0	1	0	1	34	79	119	0	0	0	0	0	2	0	0	0	0	0
Syntrophus	5019	0	0	1	0	1	0	0	0	2	0	8	8	207	2252	2516	15	0	0	0	3	0	0	2	4	0	0
T78	311	0	0	0	0	0	0	0	0	0	0	0	1	41	178	78	0	0	0	1	1	10	1	0	0	0	0
Tannerella	1399	1	2	0	1	2	922	10	275	144	32	6	0	0	0	0	0	0	1	1	0	1	0	0	0	1	0
Tatlockia	172	9	48	95	0	0	0	0	0	0	0	1	1	0	4	2	0	1	0	4	5	2	0	0	0	0	0
Telmatospirillum	101	82	16	0	1	0	0	0	0	0	0	0	1	0	0	0	0	0	0	0	0	0	0	0	0	1	0
Tenacibaculum	11502	3	1	0	0	1	0	9	1	18	1	5	1	147	10	4	49	10762	449	5	8	5	2	4	11	4	2
Tepidibacter	1	0	0	0	0	0	0	0	0	0	0	0	0	0	0	0	0	0	0	0	0	1	0	0	0	0	0
Tepidimonas	927	3	6	5	0	0	23	677	20	2	0	37	19	24	45	55	2	7	0	0	1	1	0	0	0	0	0
Teredinibacter	172	0	0	1	0	0	0	0	0	1	0	0	0	0	0	0	0	112	18	18	19	2	0	0	0	0	1
Terracoccus	347	4	292	2	0	0	7	29	1	1	0	1	3	0	1	1	0	0	0	0	2	2	0	0	0	1	0
Terribacillus	2	1	0	0	0	0	0	0	0	0	0	0	0	0	0	0	0	0	0	0	1	0	0	0	0	0	0
Terriglobus	114	51	41	0	0	0	0	20	0	0	0	0	1	0	1	0	0	0	0	0	0	0	0	0	0	0	0
Tessaracoccus	3	0	0	0	0	0	3	0	0	0	0	0	0	0	0	0	0	0	0	0	0	0	0	0	0	0	0
Tetragenococcus	3	0	0	0	0	0	3	0	0	0	0	0	0	0	0	0	0	0	0	0	0	0	0	0	0	0	0
Tetrasphaera	276	1	135	2	0	0	4	93	2	1	0	0	5	2	2	3	0	0	0	7	14	2	0	0	0	3	0
Tetrathiobacter	1	0	0	0	0	0	0	0	0	0	0	1	0	0	0	0	0	0	0	0	0	0	0	0	0	0	0
TG5	312	0	0	0	0	0	201	13	75	18	4	1	0	0	0	0	0	0	0	0	0	0	0	0	0	0	0
Thalassobacillus	6	0	1	0	0	0	0	3	0	0	0	0	0	0	0	0	0	0	0	0	1	1	0	0	0	0	0
Thalassobacter	19	0	0	0	0	0	0	0	0	0	0	0	0	0	1	0	0	16	1	1	0	0	0	0	0	0	0
Thalassobius	66	0	0	0	0	0	0	0	0	0	0	0	0	1	0	0	2	39	24	0	0	0	0	0	0	0	0
Thalassomonas	1701	0	0	0	0	0	0	0	0	2	0	0	0	24	20	15	2	1241	13	62	215	104	0	0	1	0	2
Thalassospira	1	0	0	0	0	0	0	0	0	0	0	0	0	0	0	0	0	0	1	0	0	0	0	0	0	0	0
Thauera	1943	56	158	11	2	0	3	35	3	2	9	146	714	195	256	327	11	4	5	0	2	0	0	1	1	2	0
Thermanaerovibrio	1	0	0	0	0	0	0	0	1	0	0	0	0	0	0	0	0	0	0	0	0	0	0	0	0	0	0
Thermicanus	2	0	0	0	0	0	0	0	2	0	0	0	0	0	0	0	0	0	0	0	0	0	0	0	0	0	0
Thermincola	11	0	10	0	0	0	0	1	0	0	0	0	0	0	0	0	0	0	0	0	0	0	0	0	0	0	0
Thermoactinomyces	3	0	0	0	0	0	3	0	0	0	0	0	0	0	0	0	0	0	0	0	0	0	0	0	0	0	0
Thermobacillus	1	0	0	0	0	0	0	0	0	0	0	0	0	0	0	0	0	0	0	0	1	0	0	0	0	0	0
Thermobifida	1	0	0	0	0	0	0	0	0	0	0	0	0	0	0	0	0	0	0	0	1	0	0	0	0	0	0
Thermomonas	4081	231	386	61	1	0	58	1804	68	4	7	277	2	18	12	1	0	1	0	2	7	6	2	1	433	324	375
Thermomonospora	4	0	0	0	0	0	1	0	0	2	0	0	0	0	0	0	0	0	0	0	0	1	0	0	0	0	0
Thermonema	13	0	0	0	0	0	0	0	0	0	0	0	0	0	0	0	0	0	7	0	5	1	0	0	0	0	0
Thermosinus	400	1	22	0	0	0	0	0	1	0	1	0	0	223	79	66	1	0	1	0	0	1	0	1	3	0	0
Thermosynechococcus	38	0	0	3	0	0	0	0	0	0	0	0	0	30	5	0	0	0	0	0	0	0	0	0	0	0	0
Thermus	1	0	0	0	0	0	0	0	0	0	0	0	1	0	0	0	0	0	0	0	0	0	0	0	0	0	0
Thioalkalivibrio	60	0	1	0	0	0	0	0	0	0	0	1	0	0	0	0	0	4	0	0	15	32	2	1	2	2	0
Thiobacillus	222	1	1	0	0	0	0	2	0	1	0	0	1	22	103	78	1	0	0	0	10	2	0	0	0	0	0
Thiocapsa	59	0	0	0	0	0	0	0	0	0	0	1	2	11	19	26	0	0	0	0	0	0	0	0	0	0	0
Thioclava	1929	2	19	7	0	0	81	440	85	2	1	3	9	109	58	45	39	906	53	6	40	15	0	1	4	4	0
Thiococcus	3	0	0	0	0	0	0	0	0	0	0	0	0	0	0	0	0	0	0	0	1	2	0	0	0	0	0
Thiocystis	1	0	0	0	0	0	0	0	0	0	0	0	0	0	1	0	0	0	0	0	0	0	0	0	0	0	0
Thiohalomonas	80	0	1	0	0	0	0	0	0	1	1	0	0	0	0	0	0	15	0	14	31	17	0	0	0	0	0
Thiohalospira	915	0	0	0	0	0	0	0	1	0	0	0	0	0	0	0	0	1	1	35	699	177	0	0	1	0	0
Thiomicrospira	6	0	0	0	0	0	0	0	0	0	0	0	0	0	0	0	0	0	2	0	1	3	0	0	0	0	0
Thiomonas	289	4	17	1	0	1	0	2	0	1	1	10	1	4	16	9	23	7	190	0	0	1	0	0	0	0	1
Thioploca	4	1	0	0	0	0	0	0	0	0	0	0	0	0	0	0	0	0	0	0	1	2	0	0	0	0	0
Thiorhodococcus	1	0	0	0	0	0	0	0	0	0	0	0	0	0	0	1	0	0	0	0	0	0	0	0	0	0	0
Thiorhodospira	10	0	0	0	0	0	0	0	0	0	0	0	0	0	0	0	0	6	0	1	3	0	0	0	0	0	0
Thiorhodovibrio	17	0	0	0	0	0	0	0	0	0	0	0	0	0	2	0	0	0	0	1	0	14	0	0	0	0	0
Thiothrix	14265	1	4	1	1	3	0	59	1	26	6	15	5	160	648	229	171	9806	2378	52	468	196	0	0	16	9	10
Tissierella	5	0	0	0	0	0	0	1	0	0	0	0	0	0	0	1	0	0	0	0	2	1	0	0	0	0	0
TM3	10138	2	4	0	0	0	1	0	0	2	1	20	18	495	4196	4734	27	4	2	32	266	323	2	1	7	1	0
Tolumonas	2	0	0	0	0	0	0	0	0	0	0	0	1	0	0	0	0	0	0	0	0	0	0	0	0	0	1
Trabulsiella	8	0	0	0	0	0	0	0	0	0	0	0	0	0	0	0	0	0	0	1	0	0	0	0	2	3	2
Treponema	3687	521	50	135	1	0	789	42	1497	115	51	14	8	102	117	110	1	4	1	1	116	3	0	1	5	1	2
Trichococcus	28	0	0	0	0	0	5	1	4	18	0	0	0	0	0	0	0	0	0	0	0	0	0	0	0	0	0
Trichormus	5	0	0	0	0	0	0	0	0	0	0	2	0	0	3	0	0	0	0	0	0	0	0	0	0	0	0
Tropheryma	709	4	47	107	0	0	12	37	24	3	2	118	18	7	66	91	23	87	52	4	3	2	1	0	0	0	1
Tsukamurella	1018	3	1	3	0	0	7	998	2	2	0	0	0	0	0	0	0	0	1	0	0	1	0	0	0	0	0
Turicibacter	1445	6	6	3	114	597	9	14	15	2	0	0	0	0	2	0	0	0	0	0	70	150	430	26	0	1	0
u114	162	0	0	0	0	0	0	0	0	1	0	0	130	15	13	1	0	0	1	0	0	0	0	1	0	0	0
Ulvibacter	700	0	0	0	0	0	0	0	0	0	0	0	1	0	0	0	0	672	20	6	0	1	0	0	0	0	0
Umboniibacter	391	0	0	0	0	0	0	0	0	11	0	0	0	2	0	0	5	91	14	5	188	74	0	0	0	1	0
Ureaplasma	26	0	0	0	0	0	26	0	0	0	0	0	0	0	0	0	0	0	0	0	0	0	0	0	0	0	0
Ureibacillus	6	0	0	0	0	0	5	0	0	0	0	0	0	0	0	1	0	0	0	0	0	0	0	0	0	0	0
Vagococcus	748	0	5	0	0	0	155	8	34	537	5	0	0	0	1	0	0	0	1	0	0	1	0	0	0	1	0
Varibaculum	1064	0	0	0	769	1	190	89	8	0	0	0	0	0	1	0	0	0	0	0	0	0	5	1	0	0	0
Variovorax	52	14	25	4	0	0	3	2	2	0	0	1	1	0	0	0	0	0	0	0	0	0	0	0	0	0	0
Veillonella	169754	24	51	19	195	63	26718	873	10749	103811	25090	1051	40	135	90	86	35	63	248	42	31	35	47	35	102	86	35
Verminephrobacter	171	3	30	0	0	0	0	8	0	0	5	53	11	8	24	26	1	1	0	0	0	0	0	0	1	0	0
Verrucomicrobium	12374	3	3	1	2	7	1	0	5	37	8	7	46	172	349	74	9767	126	1456	89	149	38	5	5	15	3	6
Verrucosispora	470	90	166	206	0	1	0	0	0	1	0	0	0	2	1	0	0	0	0	1	0	1	0	0	0	1	0
Vibrio	6003	0	1	0	0	1	9	149	1	6	2	2	3	32	8	3	247	4191	680	137	515	11	0	0	1	0	4
Virgibacillus	6	0	0	0	0	0	2	0	0	0	0	0	0	0	0	0	0	0	0	0	2	2	0	0	0	0	0
Virgisporangium	2681	69	232	2352	0	0	0	0	0	2	1	0	0	1	1	0	0	1	0	0	2	0	2	0	1	4	13
Vitreoscilla	2	0	0	0	0	0	0	0	0	1	0	0	1	0	0	0	0	0	0	0	0	0	0	0	0	0	0
Vogesella	663	33	124	11	0	0	0	0	0	1	1	82	60	68	172	102	2	4	2	0	1	0	0	0	0	0	0
Volucribacter	33	0	0	0	0	0	3	0	2	24	0	1	0	0	0	0	0	0	0	0	0	0	0	0	0	1	2
W22	143	0	0	0	0	0	0	0	0	0	0	0	0	20	82	41	0	0	0	0	0	0	0	0	0	0	0
Waddlia	5	0	0	0	0	0	0	0	0	0	0	0	0	0	0	0	0	0	0	0	0	5	0	0	0	0	0
Wautersiella	197	6	3	3	0	0	87	73	5	0	0	5	2	1	1	2	1	4	2	0	1	1	0	0	0	0	0
WCHB1_05	10436	0	0	0	0	2	7	0	0	4	1	13	17	1464	4744	4059	25	8	3	12	51	11	0	4	8	0	3
Weissella	113	0	1	0	0	0	61	26	13	0	0	0	0	0	0	0	0	2	1	0	0	0	0	9	0	0	0
Williamsia	286	15	30	87	0	0	1	102	13	0	0	0	1	2	2	3	0	0	0	0	24	2	0	0	4	0	0
Winogradskyella	368	0	0	0	0	0	0	0	0	1	0	0	0	0	1	0	20	149	59	72	42	21	1	1	1	0	0
Wolbachia	1	1	0	0	0	0	0	0	0	0	0	0	0	0	0	0	0	0	0	0	0	0	0	0	0	0	0
Xanthobacter	487	204	241	0	1	0	0	0	0	2	0	2	0	4	15	17	0	0	0	0	0	0	0	0	0	1	0
Xanthomonas	155	0	34	0	0	0	46	71	0	0	0	0	0	0	0	0	0	0	1	0	1	0	1	0	0	1	0
Xenophilus	651	50	373	5	1	0	16	77	6	1	0	10	1	23	40	44	1	0	0	0	0	1	0	0	0	2	0
Xenorhabdus	4668	4	2	1	1	1	0	0	0	8	2	0	0	5	0	2	0	5	2	5	1	17	2	2	1771	1324	1513
Yaniella	84	1	1	2	0	0	37	15	18	1	1	1	4	0	0	0	0	0	1	0	2	0	0	0	0	0	0
Yersinia	166	0	23	0	0	0	16	84	32	0	0	0	1	2	1	0	0	0	2	0	0	0	0	0	1	2	2
Yonghaparkia	716	8	93	147	0	0	34	63	29	1	0	162	30	40	45	57	0	0	0	0	2	3	0	0	1	1	0
ZA3312c	32604	3	3	1	0	4	1	0	0	173	13	15	2	31	173	39	6027	372	25662	48	5	0	3	8	10	4	7
ZD0117	2387	0	0	0	0	0	1	1	1	6	1	3	1	7	10	2	375	275	431	8	702	557	2	0	4	0	0
Zhihengliuella	1	0	0	0	0	0	1	0	0	0	0	0	0	0	0	0	0	0	0	0	0	0	0	0	0	0	0
Zhouia	29	0	0	0	0	0	1	0	1	0	0	0	1	0	0	0	1	3	22	0	0	0	0	0	0	0	0
Zobellella	5	0	0	0	0	0	0	0	0	0	0	0	0	0	0	0	0	0	0	0	1	0	0	0	2	1	1
Zobellia	34	0	0	0	0	0	0	0	0	1	0	0	0	0	0	0	0	32	1	0	0	0	0	0	0	0	0
Zoogloea	123	3	25	2	0	0	3	7	0	1	0	2	3	12	35	22	0	0	6	0	0	0	0	0	1	1	0
Zooshikella	1	0	0	0	0	0	0	0	0	0	0	0	0	0	0	0	0	0	0	0	1	0	0	0	0	0	0
Zplanct13	210	0	0	1	0	0	0	0	0	0	0	2	0	46	98	63	0	0	0	0	0	0	0	0	0	0	0
Zymomonas	4845	0	0	6	1	1	0	0	0	2	2	18	293	2349	1374	759	7	7	1	0	0	1	1	6	16	1	0
